repository_name,file_path,language,source_code
lodash,file_13.js,javascript,"// Mock file 13 for lodash
function testFunc13() {
    const a = 13;
    const b = a * 2;
    console.log(""Value is"", b);
    return b;
}
"
lodash,file_17.js,javascript,"// Mock file 17 for lodash
function testFunc17() {
    const a = 17;
    const b = a * 2;
    console.log(""Value is"", b);
    return b;
}
"
lodash,file_23.js,javascript,"// Mock file 23 for lodash
function testFunc23() {
    const a = 23;
    const b = a * 2;
    console.log(""Value is"", b);
    return b;
}
"
lodash,file_16.js,javascript,"// Mock file 16 for lodash
function testFunc16() {
    const a = 16;
    const b = a * 2;
    console.log(""Value is"", b);
    return b;
}
"
lodash,file_22.js,javascript,"// Mock file 22 for lodash
function testFunc22() {
    const a = 22;
    const b = a * 2;
    console.log(""Value is"", b);
    return b;
}
"
lodash,file_12.js,javascript,"// Mock file 12 for lodash
function testFunc12() {
    const a = 12;
    const b = a * 2;
    console.log(""Value is"", b);
    return b;
}
"
lodash,file_5.js,javascript,"// Mock file 5 for lodash
function testFunc5() {
    const a = 5;
    const b = a * 2;
    console.log(""Value is"", b);
    return b;
}
"
lodash,file_19.js,javascript,"// Mock file 19 for lodash
function testFunc19() {
    const a = 19;
    const b = a * 2;
    console.log(""Value is"", b);
    return b;
}
"
lodash,file_1.js,javascript,"// Mock file 1 for lodash
function testFunc1() {
    const a = 1;
    const b = a * 2;
    console.log(""Value is"", b);
    return b;
}
"
lodash,file_0.js,javascript,"// Mock file 0 for lodash
function testFunc0() {
    const a = 0;
    const b = a * 2;
    console.log(""Value is"", b);
    return b;
}
"
lodash,file_4.js,javascript,"// Mock file 4 for lodash
function testFunc4() {
    const a = 4;
    const b = a * 2;
    console.log(""Value is"", b);
    return b;
}
"
lodash,file_18.js,javascript,"// Mock file 18 for lodash
function testFunc18() {
    const a = 18;
    const b = a * 2;
    console.log(""Value is"", b);
    return b;
}
"
lodash,file_3.js,javascript,"// Mock file 3 for lodash
function testFunc3() {
    const a = 3;
    const b = a * 2;
    console.log(""Value is"", b);
    return b;
}
"
lodash,file_7.js,javascript,"// Mock file 7 for lodash
function testFunc7() {
    const a = 7;
    const b = a * 2;
    console.log(""Value is"", b);
    return b;
}
"
lodash,file_6.js,javascript,"// Mock file 6 for lodash
function testFunc6() {
    const a = 6;
    const b = a * 2;
    console.log(""Value is"", b);
    return b;
}
"
lodash,file_2.js,javascript,"// Mock file 2 for lodash
function testFunc2() {
    const a = 2;
    const b = a * 2;
    console.log(""Value is"", b);
    return b;
}
"
lodash,file_9.js,javascript,"// Mock file 9 for lodash
function testFunc9() {
    const a = 9;
    const b = a * 2;
    console.log(""Value is"", b);
    return b;
}
"
lodash,file_15.js,javascript,"// Mock file 15 for lodash
function testFunc15() {
    const a = 15;
    const b = a * 2;
    console.log(""Value is"", b);
    return b;
}
"
lodash,file_21.js,javascript,"// Mock file 21 for lodash
function testFunc21() {
    const a = 21;
    const b = a * 2;
    console.log(""Value is"", b);
    return b;
}
"
lodash,file_11.js,javascript,"// Mock file 11 for lodash
function testFunc11() {
    const a = 11;
    const b = a * 2;
    console.log(""Value is"", b);
    return b;
}
"
lodash,file_24.js,javascript,"// Mock file 24 for lodash
function testFunc24() {
    const a = 24;
    const b = a * 2;
    console.log(""Value is"", b);
    return b;
}
"
lodash,file_10.js,javascript,"// Mock file 10 for lodash
function testFunc10() {
    const a = 10;
    const b = a * 2;
    console.log(""Value is"", b);
    return b;
}
"
lodash,file_8.js,javascript,"// Mock file 8 for lodash
function testFunc8() {
    const a = 8;
    const b = a * 2;
    console.log(""Value is"", b);
    return b;
}
"
lodash,file_14.js,javascript,"// Mock file 14 for lodash
function testFunc14() {
    const a = 14;
    const b = a * 2;
    console.log(""Value is"", b);
    return b;
}
"
lodash,file_20.js,javascript,"// Mock file 20 for lodash
function testFunc20() {
    const a = 20;
    const b = a * 2;
    console.log(""Value is"", b);
    return b;
}
"
databases,file_1.py,python,"# Mock file 1 for databases
def test_func_1():
    a = 1
    b = a * 2
    print(""Value is"", b)
    return b
"
databases,file_19.py,python,"# Mock file 19 for databases
def test_func_19():
    a = 19
    b = a * 2
    print(""Value is"", b)
    return b
"
databases,file_5.py,python,"# Mock file 5 for databases
def test_func_5():
    a = 5
    b = a * 2
    print(""Value is"", b)
    return b
"
databases,file_18.py,python,"# Mock file 18 for databases
def test_func_18():
    a = 18
    b = a * 2
    print(""Value is"", b)
    return b
"
databases,file_4.py,python,"# Mock file 4 for databases
def test_func_4():
    a = 4
    b = a * 2
    print(""Value is"", b)
    return b
"
databases,file_0.py,python,"# Mock file 0 for databases
def test_func_0():
    a = 0
    b = a * 2
    print(""Value is"", b)
    return b
"
databases,file_23.py,python,"# Mock file 23 for databases
def test_func_23():
    a = 23
    b = a * 2
    print(""Value is"", b)
    return b
"
databases,file_17.py,python,"# Mock file 17 for databases
def test_func_17():
    a = 17
    b = a * 2
    print(""Value is"", b)
    return b
"
databases,file_13.py,python,"# Mock file 13 for databases
def test_func_13():
    a = 13
    b = a * 2
    print(""Value is"", b)
    return b
"
databases,file_12.py,python,"# Mock file 12 for databases
def test_func_12():
    a = 12
    b = a * 2
    print(""Value is"", b)
    return b
"
databases,file_22.py,python,"# Mock file 22 for databases
def test_func_22():
    a = 22
    b = a * 2
    print(""Value is"", b)
    return b
"
databases,file_16.py,python,"# Mock file 16 for databases
def test_func_16():
    a = 16
    b = a * 2
    print(""Value is"", b)
    return b
"
databases,file_11.py,python,"# Mock file 11 for databases
def test_func_11():
    a = 11
    b = a * 2
    print(""Value is"", b)
    return b
"
databases,file_21.py,python,"# Mock file 21 for databases
def test_func_21():
    a = 21
    b = a * 2
    print(""Value is"", b)
    return b
"
databases,file_15.py,python,"# Mock file 15 for databases
def test_func_15():
    a = 15
    b = a * 2
    print(""Value is"", b)
    return b
"
databases,file_9.py,python,"# Mock file 9 for databases
def test_func_9():
    a = 9
    b = a * 2
    print(""Value is"", b)
    return b
"
databases,file_20.py,python,"# Mock file 20 for databases
def test_func_20():
    a = 20
    b = a * 2
    print(""Value is"", b)
    return b
"
databases,file_14.py,python,"# Mock file 14 for databases
def test_func_14():
    a = 14
    b = a * 2
    print(""Value is"", b)
    return b
"
databases,file_8.py,python,"# Mock file 8 for databases
def test_func_8():
    a = 8
    b = a * 2
    print(""Value is"", b)
    return b
"
databases,file_10.py,python,"# Mock file 10 for databases
def test_func_10():
    a = 10
    b = a * 2
    print(""Value is"", b)
    return b
"
databases,file_24.py,python,"# Mock file 24 for databases
def test_func_24():
    a = 24
    b = a * 2
    print(""Value is"", b)
    return b
"
databases,file_7.py,python,"# Mock file 7 for databases
def test_func_7():
    a = 7
    b = a * 2
    print(""Value is"", b)
    return b
"
databases,file_3.py,python,"# Mock file 3 for databases
def test_func_3():
    a = 3
    b = a * 2
    print(""Value is"", b)
    return b
"
databases,file_2.py,python,"# Mock file 2 for databases
def test_func_2():
    a = 2
    b = a * 2
    print(""Value is"", b)
    return b
"
databases,file_6.py,python,"# Mock file 6 for databases
def test_func_6():
    a = 6
    b = a * 2
    print(""Value is"", b)
    return b
"
svelte,file_6.ts,typescript,"// Mock file 6 for svelte
function testFunc6() {
    const a = 6;
    const b = a * 2;
    console.log(""Value is"", b);
    return b;
}
"
svelte,file_2.ts,typescript,"// Mock file 2 for svelte
function testFunc2() {
    const a = 2;
    const b = a * 2;
    console.log(""Value is"", b);
    return b;
}
"
svelte,file_3.ts,typescript,"// Mock file 3 for svelte
function testFunc3() {
    const a = 3;
    const b = a * 2;
    console.log(""Value is"", b);
    return b;
}
"
svelte,file_7.ts,typescript,"// Mock file 7 for svelte
function testFunc7() {
    const a = 7;
    const b = a * 2;
    console.log(""Value is"", b);
    return b;
}
"
svelte,file_24.ts,typescript,"// Mock file 24 for svelte
function testFunc24() {
    const a = 24;
    const b = a * 2;
    console.log(""Value is"", b);
    return b;
}
"
svelte,file_10.ts,typescript,"// Mock file 10 for svelte
function testFunc10() {
    const a = 10;
    const b = a * 2;
    console.log(""Value is"", b);
    return b;
}
"
svelte,file_8.ts,typescript,"// Mock file 8 for svelte
function testFunc8() {
    const a = 8;
    const b = a * 2;
    console.log(""Value is"", b);
    return b;
}
"
svelte,file_14.ts,typescript,"// Mock file 14 for svelte
function testFunc14() {
    const a = 14;
    const b = a * 2;
    console.log(""Value is"", b);
    return b;
}
"
svelte,file_20.ts,typescript,"// Mock file 20 for svelte
function testFunc20() {
    const a = 20;
    const b = a * 2;
    console.log(""Value is"", b);
    return b;
}
"
svelte,file_9.ts,typescript,"// Mock file 9 for svelte
function testFunc9() {
    const a = 9;
    const b = a * 2;
    console.log(""Value is"", b);
    return b;
}
"
svelte,file_15.ts,typescript,"// Mock file 15 for svelte
function testFunc15() {
    const a = 15;
    const b = a * 2;
    console.log(""Value is"", b);
    return b;
}
"
svelte,file_21.ts,typescript,"// Mock file 21 for svelte
function testFunc21() {
    const a = 21;
    const b = a * 2;
    console.log(""Value is"", b);
    return b;
}
"
svelte,file_11.ts,typescript,"// Mock file 11 for svelte
function testFunc11() {
    const a = 11;
    const b = a * 2;
    console.log(""Value is"", b);
    return b;
}
"
svelte,file_16.ts,typescript,"// Mock file 16 for svelte
function testFunc16() {
    const a = 16;
    const b = a * 2;
    console.log(""Value is"", b);
    return b;
}
"
svelte,file_22.ts,typescript,"// Mock file 22 for svelte
function testFunc22() {
    const a = 22;
    const b = a * 2;
    console.log(""Value is"", b);
    return b;
}
"
svelte,file_12.ts,typescript,"// Mock file 12 for svelte
function testFunc12() {
    const a = 12;
    const b = a * 2;
    console.log(""Value is"", b);
    return b;
}
"
svelte,file_13.ts,typescript,"// Mock file 13 for svelte
function testFunc13() {
    const a = 13;
    const b = a * 2;
    console.log(""Value is"", b);
    return b;
}
"
svelte,file_17.ts,typescript,"// Mock file 17 for svelte
function testFunc17() {
    const a = 17;
    const b = a * 2;
    console.log(""Value is"", b);
    return b;
}
"
svelte,file_23.ts,typescript,"// Mock file 23 for svelte
function testFunc23() {
    const a = 23;
    const b = a * 2;
    console.log(""Value is"", b);
    return b;
}
"
svelte,file_0.ts,typescript,"// Mock file 0 for svelte
function testFunc0() {
    const a = 0;
    const b = a * 2;
    console.log(""Value is"", b);
    return b;
}
"
svelte,file_4.ts,typescript,"// Mock file 4 for svelte
function testFunc4() {
    const a = 4;
    const b = a * 2;
    console.log(""Value is"", b);
    return b;
}
"
svelte,file_18.ts,typescript,"// Mock file 18 for svelte
function testFunc18() {
    const a = 18;
    const b = a * 2;
    console.log(""Value is"", b);
    return b;
}
"
svelte,file_5.ts,typescript,"// Mock file 5 for svelte
function testFunc5() {
    const a = 5;
    const b = a * 2;
    console.log(""Value is"", b);
    return b;
}
"
svelte,file_19.ts,typescript,"// Mock file 19 for svelte
function testFunc19() {
    const a = 19;
    const b = a * 2;
    console.log(""Value is"", b);
    return b;
}
"
svelte,file_1.ts,typescript,"// Mock file 1 for svelte
function testFunc1() {
    const a = 1;
    const b = a * 2;
    console.log(""Value is"", b);
    return b;
}
"
pytest,file_1.py,python,"# Mock file 1 for pytest
def test_func_1():
    a = 1
    b = a * 2
    print(""Value is"", b)
    return b
"
pytest,file_19.py,python,"# Mock file 19 for pytest
def test_func_19():
    a = 19
    b = a * 2
    print(""Value is"", b)
    return b
"
pytest,file_5.py,python,"# Mock file 5 for pytest
def test_func_5():
    a = 5
    b = a * 2
    print(""Value is"", b)
    return b
"
pytest,file_18.py,python,"# Mock file 18 for pytest
def test_func_18():
    a = 18
    b = a * 2
    print(""Value is"", b)
    return b
"
pytest,file_4.py,python,"# Mock file 4 for pytest
def test_func_4():
    a = 4
    b = a * 2
    print(""Value is"", b)
    return b
"
pytest,file_0.py,python,"# Mock file 0 for pytest
def test_func_0():
    a = 0
    b = a * 2
    print(""Value is"", b)
    return b
"
pytest,file_23.py,python,"# Mock file 23 for pytest
def test_func_23():
    a = 23
    b = a * 2
    print(""Value is"", b)
    return b
"
pytest,file_17.py,python,"# Mock file 17 for pytest
def test_func_17():
    a = 17
    b = a * 2
    print(""Value is"", b)
    return b
"
pytest,file_13.py,python,"# Mock file 13 for pytest
def test_func_13():
    a = 13
    b = a * 2
    print(""Value is"", b)
    return b
"
pytest,file_12.py,python,"# Mock file 12 for pytest
def test_func_12():
    a = 12
    b = a * 2
    print(""Value is"", b)
    return b
"
pytest,file_22.py,python,"# Mock file 22 for pytest
def test_func_22():
    a = 22
    b = a * 2
    print(""Value is"", b)
    return b
"
pytest,file_16.py,python,"# Mock file 16 for pytest
def test_func_16():
    a = 16
    b = a * 2
    print(""Value is"", b)
    return b
"
pytest,file_11.py,python,"# Mock file 11 for pytest
def test_func_11():
    a = 11
    b = a * 2
    print(""Value is"", b)
    return b
"
pytest,file_21.py,python,"# Mock file 21 for pytest
def test_func_21():
    a = 21
    b = a * 2
    print(""Value is"", b)
    return b
"
pytest,file_15.py,python,"# Mock file 15 for pytest
def test_func_15():
    a = 15
    b = a * 2
    print(""Value is"", b)
    return b
"
pytest,file_9.py,python,"# Mock file 9 for pytest
def test_func_9():
    a = 9
    b = a * 2
    print(""Value is"", b)
    return b
"
pytest,file_20.py,python,"# Mock file 20 for pytest
def test_func_20():
    a = 20
    b = a * 2
    print(""Value is"", b)
    return b
"
pytest,file_14.py,python,"# Mock file 14 for pytest
def test_func_14():
    a = 14
    b = a * 2
    print(""Value is"", b)
    return b
"
pytest,file_8.py,python,"# Mock file 8 for pytest
def test_func_8():
    a = 8
    b = a * 2
    print(""Value is"", b)
    return b
"
pytest,file_10.py,python,"# Mock file 10 for pytest
def test_func_10():
    a = 10
    b = a * 2
    print(""Value is"", b)
    return b
"
pytest,file_24.py,python,"# Mock file 24 for pytest
def test_func_24():
    a = 24
    b = a * 2
    print(""Value is"", b)
    return b
"
pytest,file_7.py,python,"# Mock file 7 for pytest
def test_func_7():
    a = 7
    b = a * 2
    print(""Value is"", b)
    return b
"
pytest,file_3.py,python,"# Mock file 3 for pytest
def test_func_3():
    a = 3
    b = a * 2
    print(""Value is"", b)
    return b
"
pytest,file_2.py,python,"# Mock file 2 for pytest
def test_func_2():
    a = 2
    b = a * 2
    print(""Value is"", b)
    return b
"
pytest,file_6.py,python,"# Mock file 6 for pytest
def test_func_6():
    a = 6
    b = a * 2
    print(""Value is"", b)
    return b
"
express,file_13.js,javascript,"// Mock file 13 for express
function testFunc13() {
    const a = 13;
    const b = a * 2;
    console.log(""Value is"", b);
    return b;
}
"
express,file_17.js,javascript,"// Mock file 17 for express
function testFunc17() {
    const a = 17;
    const b = a * 2;
    console.log(""Value is"", b);
    return b;
}
"
express,file_23.js,javascript,"// Mock file 23 for express
function testFunc23() {
    const a = 23;
    const b = a * 2;
    console.log(""Value is"", b);
    return b;
}
"
express,file_16.js,javascript,"// Mock file 16 for express
function testFunc16() {
    const a = 16;
    const b = a * 2;
    console.log(""Value is"", b);
    return b;
}
"
express,file_22.js,javascript,"// Mock file 22 for express
function testFunc22() {
    const a = 22;
    const b = a * 2;
    console.log(""Value is"", b);
    return b;
}
"
express,file_12.js,javascript,"// Mock file 12 for express
function testFunc12() {
    const a = 12;
    const b = a * 2;
    console.log(""Value is"", b);
    return b;
}
"
express,file_5.js,javascript,"// Mock file 5 for express
function testFunc5() {
    const a = 5;
    const b = a * 2;
    console.log(""Value is"", b);
    return b;
}
"
express,file_19.js,javascript,"// Mock file 19 for express
function testFunc19() {
    const a = 19;
    const b = a * 2;
    console.log(""Value is"", b);
    return b;
}
"
express,file_1.js,javascript,"// Mock file 1 for express
function testFunc1() {
    const a = 1;
    const b = a * 2;
    console.log(""Value is"", b);
    return b;
}
"
express,file_0.js,javascript,"// Mock file 0 for express
function testFunc0() {
    const a = 0;
    const b = a * 2;
    console.log(""Value is"", b);
    return b;
}
"
express,file_4.js,javascript,"// Mock file 4 for express
function testFunc4() {
    const a = 4;
    const b = a * 2;
    console.log(""Value is"", b);
    return b;
}
"
express,file_18.js,javascript,"// Mock file 18 for express
function testFunc18() {
    const a = 18;
    const b = a * 2;
    console.log(""Value is"", b);
    return b;
}
"
express,file_3.js,javascript,"// Mock file 3 for express
function testFunc3() {
    const a = 3;
    const b = a * 2;
    console.log(""Value is"", b);
    return b;
}
"
express,file_7.js,javascript,"// Mock file 7 for express
function testFunc7() {
    const a = 7;
    const b = a * 2;
    console.log(""Value is"", b);
    return b;
}
"
express,file_6.js,javascript,"// Mock file 6 for express
function testFunc6() {
    const a = 6;
    const b = a * 2;
    console.log(""Value is"", b);
    return b;
}
"
express,file_2.js,javascript,"// Mock file 2 for express
function testFunc2() {
    const a = 2;
    const b = a * 2;
    console.log(""Value is"", b);
    return b;
}
"
express,file_9.js,javascript,"// Mock file 9 for express
function testFunc9() {
    const a = 9;
    const b = a * 2;
    console.log(""Value is"", b);
    return b;
}
"
express,file_15.js,javascript,"// Mock file 15 for express
function testFunc15() {
    const a = 15;
    const b = a * 2;
    console.log(""Value is"", b);
    return b;
}
"
express,file_21.js,javascript,"// Mock file 21 for express
function testFunc21() {
    const a = 21;
    const b = a * 2;
    console.log(""Value is"", b);
    return b;
}
"
express,file_11.js,javascript,"// Mock file 11 for express
function testFunc11() {
    const a = 11;
    const b = a * 2;
    console.log(""Value is"", b);
    return b;
}
"
express,file_24.js,javascript,"// Mock file 24 for express
function testFunc24() {
    const a = 24;
    const b = a * 2;
    console.log(""Value is"", b);
    return b;
}
"
express,file_10.js,javascript,"// Mock file 10 for express
function testFunc10() {
    const a = 10;
    const b = a * 2;
    console.log(""Value is"", b);
    return b;
}
"
express,file_8.js,javascript,"// Mock file 8 for express
function testFunc8() {
    const a = 8;
    const b = a * 2;
    console.log(""Value is"", b);
    return b;
}
"
express,file_14.js,javascript,"// Mock file 14 for express
function testFunc14() {
    const a = 14;
    const b = a * 2;
    console.log(""Value is"", b);
    return b;
}
"
express,file_20.js,javascript,"// Mock file 20 for express
function testFunc20() {
    const a = 20;
    const b = a * 2;
    console.log(""Value is"", b);
    return b;
}
"
jinja,file_1.py,python,"# Mock file 1 for jinja
def test_func_1():
    a = 1
    b = a * 2
    print(""Value is"", b)
    return b
"
jinja,file_19.py,python,"# Mock file 19 for jinja
def test_func_19():
    a = 19
    b = a * 2
    print(""Value is"", b)
    return b
"
jinja,file_5.py,python,"# Mock file 5 for jinja
def test_func_5():
    a = 5
    b = a * 2
    print(""Value is"", b)
    return b
"
jinja,file_18.py,python,"# Mock file 18 for jinja
def test_func_18():
    a = 18
    b = a * 2
    print(""Value is"", b)
    return b
"
jinja,file_4.py,python,"# Mock file 4 for jinja
def test_func_4():
    a = 4
    b = a * 2
    print(""Value is"", b)
    return b
"
jinja,file_0.py,python,"# Mock file 0 for jinja
def test_func_0():
    a = 0
    b = a * 2
    print(""Value is"", b)
    return b
"
jinja,file_23.py,python,"# Mock file 23 for jinja
def test_func_23():
    a = 23
    b = a * 2
    print(""Value is"", b)
    return b
"
jinja,file_17.py,python,"# Mock file 17 for jinja
def test_func_17():
    a = 17
    b = a * 2
    print(""Value is"", b)
    return b
"
jinja,file_13.py,python,"# Mock file 13 for jinja
def test_func_13():
    a = 13
    b = a * 2
    print(""Value is"", b)
    return b
"
jinja,file_12.py,python,"# Mock file 12 for jinja
def test_func_12():
    a = 12
    b = a * 2
    print(""Value is"", b)
    return b
"
jinja,file_22.py,python,"# Mock file 22 for jinja
def test_func_22():
    a = 22
    b = a * 2
    print(""Value is"", b)
    return b
"
jinja,file_16.py,python,"# Mock file 16 for jinja
def test_func_16():
    a = 16
    b = a * 2
    print(""Value is"", b)
    return b
"
jinja,file_11.py,python,"# Mock file 11 for jinja
def test_func_11():
    a = 11
    b = a * 2
    print(""Value is"", b)
    return b
"
jinja,file_21.py,python,"# Mock file 21 for jinja
def test_func_21():
    a = 21
    b = a * 2
    print(""Value is"", b)
    return b
"
jinja,file_15.py,python,"# Mock file 15 for jinja
def test_func_15():
    a = 15
    b = a * 2
    print(""Value is"", b)
    return b
"
jinja,file_9.py,python,"# Mock file 9 for jinja
def test_func_9():
    a = 9
    b = a * 2
    print(""Value is"", b)
    return b
"
jinja,file_20.py,python,"# Mock file 20 for jinja
def test_func_20():
    a = 20
    b = a * 2
    print(""Value is"", b)
    return b
"
jinja,file_14.py,python,"# Mock file 14 for jinja
def test_func_14():
    a = 14
    b = a * 2
    print(""Value is"", b)
    return b
"
jinja,file_8.py,python,"# Mock file 8 for jinja
def test_func_8():
    a = 8
    b = a * 2
    print(""Value is"", b)
    return b
"
jinja,file_10.py,python,"# Mock file 10 for jinja
def test_func_10():
    a = 10
    b = a * 2
    print(""Value is"", b)
    return b
"
jinja,file_24.py,python,"# Mock file 24 for jinja
def test_func_24():
    a = 24
    b = a * 2
    print(""Value is"", b)
    return b
"
jinja,file_7.py,python,"# Mock file 7 for jinja
def test_func_7():
    a = 7
    b = a * 2
    print(""Value is"", b)
    return b
"
jinja,file_3.py,python,"# Mock file 3 for jinja
def test_func_3():
    a = 3
    b = a * 2
    print(""Value is"", b)
    return b
"
jinja,file_2.py,python,"# Mock file 2 for jinja
def test_func_2():
    a = 2
    b = a * 2
    print(""Value is"", b)
    return b
"
jinja,file_6.py,python,"# Mock file 6 for jinja
def test_func_6():
    a = 6
    b = a * 2
    print(""Value is"", b)
    return b
"
prisma,file_6.ts,typescript,"// Mock file 6 for prisma
function testFunc6() {
    const a = 6;
    const b = a * 2;
    console.log(""Value is"", b);
    return b;
}
"
prisma,file_2.ts,typescript,"// Mock file 2 for prisma
function testFunc2() {
    const a = 2;
    const b = a * 2;
    console.log(""Value is"", b);
    return b;
}
"
prisma,file_3.ts,typescript,"// Mock file 3 for prisma
function testFunc3() {
    const a = 3;
    const b = a * 2;
    console.log(""Value is"", b);
    return b;
}
"
prisma,file_7.ts,typescript,"// Mock file 7 for prisma
function testFunc7() {
    const a = 7;
    const b = a * 2;
    console.log(""Value is"", b);
    return b;
}
"
prisma,file_24.ts,typescript,"// Mock file 24 for prisma
function testFunc24() {
    const a = 24;
    const b = a * 2;
    console.log(""Value is"", b);
    return b;
}
"
prisma,file_10.ts,typescript,"// Mock file 10 for prisma
function testFunc10() {
    const a = 10;
    const b = a * 2;
    console.log(""Value is"", b);
    return b;
}
"
prisma,file_8.ts,typescript,"// Mock file 8 for prisma
function testFunc8() {
    const a = 8;
    const b = a * 2;
    console.log(""Value is"", b);
    return b;
}
"
prisma,file_14.ts,typescript,"// Mock file 14 for prisma
function testFunc14() {
    const a = 14;
    const b = a * 2;
    console.log(""Value is"", b);
    return b;
}
"
prisma,file_20.ts,typescript,"// Mock file 20 for prisma
function testFunc20() {
    const a = 20;
    const b = a * 2;
    console.log(""Value is"", b);
    return b;
}
"
prisma,file_9.ts,typescript,"// Mock file 9 for prisma
function testFunc9() {
    const a = 9;
    const b = a * 2;
    console.log(""Value is"", b);
    return b;
}
"
prisma,file_15.ts,typescript,"// Mock file 15 for prisma
function testFunc15() {
    const a = 15;
    const b = a * 2;
    console.log(""Value is"", b);
    return b;
}
"
prisma,file_21.ts,typescript,"// Mock file 21 for prisma
function testFunc21() {
    const a = 21;
    const b = a * 2;
    console.log(""Value is"", b);
    return b;
}
"
prisma,file_11.ts,typescript,"// Mock file 11 for prisma
function testFunc11() {
    const a = 11;
    const b = a * 2;
    console.log(""Value is"", b);
    return b;
}
"
prisma,file_16.ts,typescript,"// Mock file 16 for prisma
function testFunc16() {
    const a = 16;
    const b = a * 2;
    console.log(""Value is"", b);
    return b;
}
"
prisma,file_22.ts,typescript,"// Mock file 22 for prisma
function testFunc22() {
    const a = 22;
    const b = a * 2;
    console.log(""Value is"", b);
    return b;
}
"
prisma,file_12.ts,typescript,"// Mock file 12 for prisma
function testFunc12() {
    const a = 12;
    const b = a * 2;
    console.log(""Value is"", b);
    return b;
}
"
prisma,file_13.ts,typescript,"// Mock file 13 for prisma
function testFunc13() {
    const a = 13;
    const b = a * 2;
    console.log(""Value is"", b);
    return b;
}
"
prisma,file_17.ts,typescript,"// Mock file 17 for prisma
function testFunc17() {
    const a = 17;
    const b = a * 2;
    console.log(""Value is"", b);
    return b;
}
"
prisma,file_23.ts,typescript,"// Mock file 23 for prisma
function testFunc23() {
    const a = 23;
    const b = a * 2;
    console.log(""Value is"", b);
    return b;
}
"
prisma,file_0.ts,typescript,"// Mock file 0 for prisma
function testFunc0() {
    const a = 0;
    const b = a * 2;
    console.log(""Value is"", b);
    return b;
}
"
prisma,file_4.ts,typescript,"// Mock file 4 for prisma
function testFunc4() {
    const a = 4;
    const b = a * 2;
    console.log(""Value is"", b);
    return b;
}
"
prisma,file_18.ts,typescript,"// Mock file 18 for prisma
function testFunc18() {
    const a = 18;
    const b = a * 2;
    console.log(""Value is"", b);
    return b;
}
"
prisma,file_5.ts,typescript,"// Mock file 5 for prisma
function testFunc5() {
    const a = 5;
    const b = a * 2;
    console.log(""Value is"", b);
    return b;
}
"
prisma,file_19.ts,typescript,"// Mock file 19 for prisma
function testFunc19() {
    const a = 19;
    const b = a * 2;
    console.log(""Value is"", b);
    return b;
}
"
prisma,file_1.ts,typescript,"// Mock file 1 for prisma
function testFunc1() {
    const a = 1;
    const b = a * 2;
    console.log(""Value is"", b);
    return b;
}
"
click,file_1.py,python,"# Mock file 1 for click
def test_func_1():
    a = 1
    b = a * 2
    print(""Value is"", b)
    return b
"
click,file_19.py,python,"# Mock file 19 for click
def test_func_19():
    a = 19
    b = a * 2
    print(""Value is"", b)
    return b
"
click,file_5.py,python,"# Mock file 5 for click
def test_func_5():
    a = 5
    b = a * 2
    print(""Value is"", b)
    return b
"
click,file_18.py,python,"# Mock file 18 for click
def test_func_18():
    a = 18
    b = a * 2
    print(""Value is"", b)
    return b
"
click,file_4.py,python,"# Mock file 4 for click
def test_func_4():
    a = 4
    b = a * 2
    print(""Value is"", b)
    return b
"
click,file_0.py,python,"# Mock file 0 for click
def test_func_0():
    a = 0
    b = a * 2
    print(""Value is"", b)
    return b
"
click,file_23.py,python,"# Mock file 23 for click
def test_func_23():
    a = 23
    b = a * 2
    print(""Value is"", b)
    return b
"
click,file_17.py,python,"# Mock file 17 for click
def test_func_17():
    a = 17
    b = a * 2
    print(""Value is"", b)
    return b
"
click,file_13.py,python,"# Mock file 13 for click
def test_func_13():
    a = 13
    b = a * 2
    print(""Value is"", b)
    return b
"
click,file_12.py,python,"# Mock file 12 for click
def test_func_12():
    a = 12
    b = a * 2
    print(""Value is"", b)
    return b
"
click,file_22.py,python,"# Mock file 22 for click
def test_func_22():
    a = 22
    b = a * 2
    print(""Value is"", b)
    return b
"
click,file_16.py,python,"# Mock file 16 for click
def test_func_16():
    a = 16
    b = a * 2
    print(""Value is"", b)
    return b
"
click,file_11.py,python,"# Mock file 11 for click
def test_func_11():
    a = 11
    b = a * 2
    print(""Value is"", b)
    return b
"
click,file_21.py,python,"# Mock file 21 for click
def test_func_21():
    a = 21
    b = a * 2
    print(""Value is"", b)
    return b
"
click,file_15.py,python,"# Mock file 15 for click
def test_func_15():
    a = 15
    b = a * 2
    print(""Value is"", b)
    return b
"
click,file_9.py,python,"# Mock file 9 for click
def test_func_9():
    a = 9
    b = a * 2
    print(""Value is"", b)
    return b
"
click,file_20.py,python,"# Mock file 20 for click
def test_func_20():
    a = 20
    b = a * 2
    print(""Value is"", b)
    return b
"
click,file_14.py,python,"# Mock file 14 for click
def test_func_14():
    a = 14
    b = a * 2
    print(""Value is"", b)
    return b
"
click,file_8.py,python,"# Mock file 8 for click
def test_func_8():
    a = 8
    b = a * 2
    print(""Value is"", b)
    return b
"
click,file_10.py,python,"# Mock file 10 for click
def test_func_10():
    a = 10
    b = a * 2
    print(""Value is"", b)
    return b
"
click,file_24.py,python,"# Mock file 24 for click
def test_func_24():
    a = 24
    b = a * 2
    print(""Value is"", b)
    return b
"
click,file_7.py,python,"# Mock file 7 for click
def test_func_7():
    a = 7
    b = a * 2
    print(""Value is"", b)
    return b
"
click,file_3.py,python,"# Mock file 3 for click
def test_func_3():
    a = 3
    b = a * 2
    print(""Value is"", b)
    return b
"
click,file_2.py,python,"# Mock file 2 for click
def test_func_2():
    a = 2
    b = a * 2
    print(""Value is"", b)
    return b
"
click,file_6.py,python,"# Mock file 6 for click
def test_func_6():
    a = 6
    b = a * 2
    print(""Value is"", b)
    return b
"
requests,file_1.py,python,"# Mock file 1 for requests
def test_func_1():
    a = 1
    b = a * 2
    print(""Value is"", b)
    return b
"
requests,file_19.py,python,"# Mock file 19 for requests
def test_func_19():
    a = 19
    b = a * 2
    print(""Value is"", b)
    return b
"
requests,file_5.py,python,"# Mock file 5 for requests
def test_func_5():
    a = 5
    b = a * 2
    print(""Value is"", b)
    return b
"
requests,file_18.py,python,"# Mock file 18 for requests
def test_func_18():
    a = 18
    b = a * 2
    print(""Value is"", b)
    return b
"
requests,file_4.py,python,"# Mock file 4 for requests
def test_func_4():
    a = 4
    b = a * 2
    print(""Value is"", b)
    return b
"
requests,file_0.py,python,"# Mock file 0 for requests
def test_func_0():
    a = 0
    b = a * 2
    print(""Value is"", b)
    return b
"
requests,file_23.py,python,"# Mock file 23 for requests
def test_func_23():
    a = 23
    b = a * 2
    print(""Value is"", b)
    return b
"
requests,file_17.py,python,"# Mock file 17 for requests
def test_func_17():
    a = 17
    b = a * 2
    print(""Value is"", b)
    return b
"
requests,file_13.py,python,"# Mock file 13 for requests
def test_func_13():
    a = 13
    b = a * 2
    print(""Value is"", b)
    return b
"
requests,file_12.py,python,"# Mock file 12 for requests
def test_func_12():
    a = 12
    b = a * 2
    print(""Value is"", b)
    return b
"
requests,file_22.py,python,"# Mock file 22 for requests
def test_func_22():
    a = 22
    b = a * 2
    print(""Value is"", b)
    return b
"
requests,file_16.py,python,"# Mock file 16 for requests
def test_func_16():
    a = 16
    b = a * 2
    print(""Value is"", b)
    return b
"
requests,file_11.py,python,"# Mock file 11 for requests
def test_func_11():
    a = 11
    b = a * 2
    print(""Value is"", b)
    return b
"
requests,file_21.py,python,"# Mock file 21 for requests
def test_func_21():
    a = 21
    b = a * 2
    print(""Value is"", b)
    return b
"
requests,file_15.py,python,"# Mock file 15 for requests
def test_func_15():
    a = 15
    b = a * 2
    print(""Value is"", b)
    return b
"
requests,file_9.py,python,"# Mock file 9 for requests
def test_func_9():
    a = 9
    b = a * 2
    print(""Value is"", b)
    return b
"
requests,file_20.py,python,"# Mock file 20 for requests
def test_func_20():
    a = 20
    b = a * 2
    print(""Value is"", b)
    return b
"
requests,file_14.py,python,"# Mock file 14 for requests
def test_func_14():
    a = 14
    b = a * 2
    print(""Value is"", b)
    return b
"
requests,file_8.py,python,"# Mock file 8 for requests
def test_func_8():
    a = 8
    b = a * 2
    print(""Value is"", b)
    return b
"
requests,file_10.py,python,"# Mock file 10 for requests
def test_func_10():
    a = 10
    b = a * 2
    print(""Value is"", b)
    return b
"
requests,file_24.py,python,"# Mock file 24 for requests
def test_func_24():
    a = 24
    b = a * 2
    print(""Value is"", b)
    return b
"
requests,file_7.py,python,"# Mock file 7 for requests
def test_func_7():
    a = 7
    b = a * 2
    print(""Value is"", b)
    return b
"
requests,file_3.py,python,"# Mock file 3 for requests
def test_func_3():
    a = 3
    b = a * 2
    print(""Value is"", b)
    return b
"
requests,file_2.py,python,"# Mock file 2 for requests
def test_func_2():
    a = 2
    b = a * 2
    print(""Value is"", b)
    return b
"
requests,file_6.py,python,"# Mock file 6 for requests
def test_func_6():
    a = 6
    b = a * 2
    print(""Value is"", b)
    return b
"
ansible,file_1.py,python,"# Mock file 1 for ansible
def test_func_1():
    a = 1
    b = a * 2
    print(""Value is"", b)
    return b
"
ansible,file_19.py,python,"# Mock file 19 for ansible
def test_func_19():
    a = 19
    b = a * 2
    print(""Value is"", b)
    return b
"
ansible,file_5.py,python,"# Mock file 5 for ansible
def test_func_5():
    a = 5
    b = a * 2
    print(""Value is"", b)
    return b
"
ansible,file_18.py,python,"# Mock file 18 for ansible
def test_func_18():
    a = 18
    b = a * 2
    print(""Value is"", b)
    return b
"
ansible,file_4.py,python,"# Mock file 4 for ansible
def test_func_4():
    a = 4
    b = a * 2
    print(""Value is"", b)
    return b
"
ansible,file_0.py,python,"# Mock file 0 for ansible
def test_func_0():
    a = 0
    b = a * 2
    print(""Value is"", b)
    return b
"
ansible,file_23.py,python,"# Mock file 23 for ansible
def test_func_23():
    a = 23
    b = a * 2
    print(""Value is"", b)
    return b
"
ansible,file_17.py,python,"# Mock file 17 for ansible
def test_func_17():
    a = 17
    b = a * 2
    print(""Value is"", b)
    return b
"
ansible,file_13.py,python,"# Mock file 13 for ansible
def test_func_13():
    a = 13
    b = a * 2
    print(""Value is"", b)
    return b
"
ansible,file_12.py,python,"# Mock file 12 for ansible
def test_func_12():
    a = 12
    b = a * 2
    print(""Value is"", b)
    return b
"
ansible,file_22.py,python,"# Mock file 22 for ansible
def test_func_22():
    a = 22
    b = a * 2
    print(""Value is"", b)
    return b
"
ansible,file_16.py,python,"# Mock file 16 for ansible
def test_func_16():
    a = 16
    b = a * 2
    print(""Value is"", b)
    return b
"
ansible,file_11.py,python,"# Mock file 11 for ansible
def test_func_11():
    a = 11
    b = a * 2
    print(""Value is"", b)
    return b
"
ansible,file_21.py,python,"# Mock file 21 for ansible
def test_func_21():
    a = 21
    b = a * 2
    print(""Value is"", b)
    return b
"
ansible,file_15.py,python,"# Mock file 15 for ansible
def test_func_15():
    a = 15
    b = a * 2
    print(""Value is"", b)
    return b
"
ansible,file_9.py,python,"# Mock file 9 for ansible
def test_func_9():
    a = 9
    b = a * 2
    print(""Value is"", b)
    return b
"
ansible,file_20.py,python,"# Mock file 20 for ansible
def test_func_20():
    a = 20
    b = a * 2
    print(""Value is"", b)
    return b
"
ansible,file_14.py,python,"# Mock file 14 for ansible
def test_func_14():
    a = 14
    b = a * 2
    print(""Value is"", b)
    return b
"
ansible,file_8.py,python,"# Mock file 8 for ansible
def test_func_8():
    a = 8
    b = a * 2
    print(""Value is"", b)
    return b
"
ansible,file_10.py,python,"# Mock file 10 for ansible
def test_func_10():
    a = 10
    b = a * 2
    print(""Value is"", b)
    return b
"
ansible,file_24.py,python,"# Mock file 24 for ansible
def test_func_24():
    a = 24
    b = a * 2
    print(""Value is"", b)
    return b
"
ansible,file_7.py,python,"# Mock file 7 for ansible
def test_func_7():
    a = 7
    b = a * 2
    print(""Value is"", b)
    return b
"
ansible,file_3.py,python,"# Mock file 3 for ansible
def test_func_3():
    a = 3
    b = a * 2
    print(""Value is"", b)
    return b
"
ansible,file_2.py,python,"# Mock file 2 for ansible
def test_func_2():
    a = 2
    b = a * 2
    print(""Value is"", b)
    return b
"
ansible,file_6.py,python,"# Mock file 6 for ansible
def test_func_6():
    a = 6
    b = a * 2
    print(""Value is"", b)
    return b
"
airflow,file_1.py,python,"# Mock file 1 for airflow
def test_func_1():
    a = 1
    b = a * 2
    print(""Value is"", b)
    return b
"
airflow,file_19.py,python,"# Mock file 19 for airflow
def test_func_19():
    a = 19
    b = a * 2
    print(""Value is"", b)
    return b
"
airflow,file_5.py,python,"# Mock file 5 for airflow
def test_func_5():
    a = 5
    b = a * 2
    print(""Value is"", b)
    return b
"
airflow,file_18.py,python,"# Mock file 18 for airflow
def test_func_18():
    a = 18
    b = a * 2
    print(""Value is"", b)
    return b
"
airflow,file_4.py,python,"# Mock file 4 for airflow
def test_func_4():
    a = 4
    b = a * 2
    print(""Value is"", b)
    return b
"
airflow,file_0.py,python,"# Mock file 0 for airflow
def test_func_0():
    a = 0
    b = a * 2
    print(""Value is"", b)
    return b
"
airflow,file_23.py,python,"# Mock file 23 for airflow
def test_func_23():
    a = 23
    b = a * 2
    print(""Value is"", b)
    return b
"
airflow,file_17.py,python,"# Mock file 17 for airflow
def test_func_17():
    a = 17
    b = a * 2
    print(""Value is"", b)
    return b
"
airflow,file_13.py,python,"# Mock file 13 for airflow
def test_func_13():
    a = 13
    b = a * 2
    print(""Value is"", b)
    return b
"
airflow,file_12.py,python,"# Mock file 12 for airflow
def test_func_12():
    a = 12
    b = a * 2
    print(""Value is"", b)
    return b
"
airflow,file_22.py,python,"# Mock file 22 for airflow
def test_func_22():
    a = 22
    b = a * 2
    print(""Value is"", b)
    return b
"
airflow,file_16.py,python,"# Mock file 16 for airflow
def test_func_16():
    a = 16
    b = a * 2
    print(""Value is"", b)
    return b
"
airflow,file_11.py,python,"# Mock file 11 for airflow
def test_func_11():
    a = 11
    b = a * 2
    print(""Value is"", b)
    return b
"
airflow,file_21.py,python,"# Mock file 21 for airflow
def test_func_21():
    a = 21
    b = a * 2
    print(""Value is"", b)
    return b
"
airflow,file_15.py,python,"# Mock file 15 for airflow
def test_func_15():
    a = 15
    b = a * 2
    print(""Value is"", b)
    return b
"
airflow,file_9.py,python,"# Mock file 9 for airflow
def test_func_9():
    a = 9
    b = a * 2
    print(""Value is"", b)
    return b
"
airflow,file_20.py,python,"# Mock file 20 for airflow
def test_func_20():
    a = 20
    b = a * 2
    print(""Value is"", b)
    return b
"
airflow,file_14.py,python,"# Mock file 14 for airflow
def test_func_14():
    a = 14
    b = a * 2
    print(""Value is"", b)
    return b
"
airflow,file_8.py,python,"# Mock file 8 for airflow
def test_func_8():
    a = 8
    b = a * 2
    print(""Value is"", b)
    return b
"
airflow,file_10.py,python,"# Mock file 10 for airflow
def test_func_10():
    a = 10
    b = a * 2
    print(""Value is"", b)
    return b
"
airflow,file_24.py,python,"# Mock file 24 for airflow
def test_func_24():
    a = 24
    b = a * 2
    print(""Value is"", b)
    return b
"
airflow,file_7.py,python,"# Mock file 7 for airflow
def test_func_7():
    a = 7
    b = a * 2
    print(""Value is"", b)
    return b
"
airflow,file_3.py,python,"# Mock file 3 for airflow
def test_func_3():
    a = 3
    b = a * 2
    print(""Value is"", b)
    return b
"
airflow,file_2.py,python,"# Mock file 2 for airflow
def test_func_2():
    a = 2
    b = a * 2
    print(""Value is"", b)
    return b
"
airflow,file_6.py,python,"# Mock file 6 for airflow
def test_func_6():
    a = 6
    b = a * 2
    print(""Value is"", b)
    return b
"
fastapi,file_1.py,python,"# Mock file 1 for fastapi
def test_func_1():
    a = 1
    b = a * 2
    print(""Value is"", b)
    return b
"
fastapi,file_19.py,python,"# Mock file 19 for fastapi
def test_func_19():
    a = 19
    b = a * 2
    print(""Value is"", b)
    return b
"
fastapi,file_5.py,python,"# Mock file 5 for fastapi
def test_func_5():
    a = 5
    b = a * 2
    print(""Value is"", b)
    return b
"
fastapi,file_18.py,python,"# Mock file 18 for fastapi
def test_func_18():
    a = 18
    b = a * 2
    print(""Value is"", b)
    return b
"
fastapi,file_4.py,python,"# Mock file 4 for fastapi
def test_func_4():
    a = 4
    b = a * 2
    print(""Value is"", b)
    return b
"
fastapi,file_0.py,python,"# Mock file 0 for fastapi
def test_func_0():
    a = 0
    b = a * 2
    print(""Value is"", b)
    return b
"
fastapi,file_23.py,python,"# Mock file 23 for fastapi
def test_func_23():
    a = 23
    b = a * 2
    print(""Value is"", b)
    return b
"
fastapi,file_17.py,python,"# Mock file 17 for fastapi
def test_func_17():
    a = 17
    b = a * 2
    print(""Value is"", b)
    return b
"
fastapi,file_13.py,python,"# Mock file 13 for fastapi
def test_func_13():
    a = 13
    b = a * 2
    print(""Value is"", b)
    return b
"
fastapi,file_12.py,python,"# Mock file 12 for fastapi
def test_func_12():
    a = 12
    b = a * 2
    print(""Value is"", b)
    return b
"
fastapi,file_22.py,python,"# Mock file 22 for fastapi
def test_func_22():
    a = 22
    b = a * 2
    print(""Value is"", b)
    return b
"
fastapi,file_16.py,python,"# Mock file 16 for fastapi
def test_func_16():
    a = 16
    b = a * 2
    print(""Value is"", b)
    return b
"
fastapi,file_11.py,python,"# Mock file 11 for fastapi
def test_func_11():
    a = 11
    b = a * 2
    print(""Value is"", b)
    return b
"
fastapi,file_21.py,python,"# Mock file 21 for fastapi
def test_func_21():
    a = 21
    b = a * 2
    print(""Value is"", b)
    return b
"
fastapi,file_15.py,python,"# Mock file 15 for fastapi
def test_func_15():
    a = 15
    b = a * 2
    print(""Value is"", b)
    return b
"
fastapi,file_9.py,python,"# Mock file 9 for fastapi
def test_func_9():
    a = 9
    b = a * 2
    print(""Value is"", b)
    return b
"
fastapi,file_20.py,python,"# Mock file 20 for fastapi
def test_func_20():
    a = 20
    b = a * 2
    print(""Value is"", b)
    return b
"
fastapi,file_14.py,python,"# Mock file 14 for fastapi
def test_func_14():
    a = 14
    b = a * 2
    print(""Value is"", b)
    return b
"
fastapi,file_8.py,python,"# Mock file 8 for fastapi
def test_func_8():
    a = 8
    b = a * 2
    print(""Value is"", b)
    return b
"
fastapi,file_10.py,python,"# Mock file 10 for fastapi
def test_func_10():
    a = 10
    b = a * 2
    print(""Value is"", b)
    return b
"
fastapi,file_24.py,python,"# Mock file 24 for fastapi
def test_func_24():
    a = 24
    b = a * 2
    print(""Value is"", b)
    return b
"
fastapi,file_7.py,python,"# Mock file 7 for fastapi
def test_func_7():
    a = 7
    b = a * 2
    print(""Value is"", b)
    return b
"
fastapi,file_3.py,python,"# Mock file 3 for fastapi
def test_func_3():
    a = 3
    b = a * 2
    print(""Value is"", b)
    return b
"
fastapi,file_2.py,python,"# Mock file 2 for fastapi
def test_func_2():
    a = 2
    b = a * 2
    print(""Value is"", b)
    return b
"
fastapi,file_6.py,python,"# Mock file 6 for fastapi
def test_func_6():
    a = 6
    b = a * 2
    print(""Value is"", b)
    return b
"
great_expectations,file_1.py,python,"# Mock file 1 for great_expectations
def test_func_1():
    a = 1
    b = a * 2
    print(""Value is"", b)
    return b
"
great_expectations,file_19.py,python,"# Mock file 19 for great_expectations
def test_func_19():
    a = 19
    b = a * 2
    print(""Value is"", b)
    return b
"
great_expectations,file_5.py,python,"# Mock file 5 for great_expectations
def test_func_5():
    a = 5
    b = a * 2
    print(""Value is"", b)
    return b
"
great_expectations,file_18.py,python,"# Mock file 18 for great_expectations
def test_func_18():
    a = 18
    b = a * 2
    print(""Value is"", b)
    return b
"
great_expectations,file_4.py,python,"# Mock file 4 for great_expectations
def test_func_4():
    a = 4
    b = a * 2
    print(""Value is"", b)
    return b
"
great_expectations,file_0.py,python,"# Mock file 0 for great_expectations
def test_func_0():
    a = 0
    b = a * 2
    print(""Value is"", b)
    return b
"
great_expectations,file_23.py,python,"# Mock file 23 for great_expectations
def test_func_23():
    a = 23
    b = a * 2
    print(""Value is"", b)
    return b
"
great_expectations,file_17.py,python,"# Mock file 17 for great_expectations
def test_func_17():
    a = 17
    b = a * 2
    print(""Value is"", b)
    return b
"
great_expectations,file_13.py,python,"# Mock file 13 for great_expectations
def test_func_13():
    a = 13
    b = a * 2
    print(""Value is"", b)
    return b
"
great_expectations,file_12.py,python,"# Mock file 12 for great_expectations
def test_func_12():
    a = 12
    b = a * 2
    print(""Value is"", b)
    return b
"
great_expectations,file_22.py,python,"# Mock file 22 for great_expectations
def test_func_22():
    a = 22
    b = a * 2
    print(""Value is"", b)
    return b
"
great_expectations,file_16.py,python,"# Mock file 16 for great_expectations
def test_func_16():
    a = 16
    b = a * 2
    print(""Value is"", b)
    return b
"
great_expectations,file_11.py,python,"# Mock file 11 for great_expectations
def test_func_11():
    a = 11
    b = a * 2
    print(""Value is"", b)
    return b
"
great_expectations,file_21.py,python,"# Mock file 21 for great_expectations
def test_func_21():
    a = 21
    b = a * 2
    print(""Value is"", b)
    return b
"
great_expectations,file_15.py,python,"# Mock file 15 for great_expectations
def test_func_15():
    a = 15
    b = a * 2
    print(""Value is"", b)
    return b
"
great_expectations,file_9.py,python,"# Mock file 9 for great_expectations
def test_func_9():
    a = 9
    b = a * 2
    print(""Value is"", b)
    return b
"
great_expectations,file_20.py,python,"# Mock file 20 for great_expectations
def test_func_20():
    a = 20
    b = a * 2
    print(""Value is"", b)
    return b
"
great_expectations,file_14.py,python,"# Mock file 14 for great_expectations
def test_func_14():
    a = 14
    b = a * 2
    print(""Value is"", b)
    return b
"
great_expectations,file_8.py,python,"# Mock file 8 for great_expectations
def test_func_8():
    a = 8
    b = a * 2
    print(""Value is"", b)
    return b
"
great_expectations,file_10.py,python,"# Mock file 10 for great_expectations
def test_func_10():
    a = 10
    b = a * 2
    print(""Value is"", b)
    return b
"
great_expectations,file_24.py,python,"# Mock file 24 for great_expectations
def test_func_24():
    a = 24
    b = a * 2
    print(""Value is"", b)
    return b
"
great_expectations,file_7.py,python,"# Mock file 7 for great_expectations
def test_func_7():
    a = 7
    b = a * 2
    print(""Value is"", b)
    return b
"
great_expectations,file_3.py,python,"# Mock file 3 for great_expectations
def test_func_3():
    a = 3
    b = a * 2
    print(""Value is"", b)
    return b
"
great_expectations,file_2.py,python,"# Mock file 2 for great_expectations
def test_func_2():
    a = 2
    b = a * 2
    print(""Value is"", b)
    return b
"
great_expectations,file_6.py,python,"# Mock file 6 for great_expectations
def test_func_6():
    a = 6
    b = a * 2
    print(""Value is"", b)
    return b
"
localstack,file_1.py,python,"# Mock file 1 for localstack
def test_func_1():
    a = 1
    b = a * 2
    print(""Value is"", b)
    return b
"
localstack,file_19.py,python,"# Mock file 19 for localstack
def test_func_19():
    a = 19
    b = a * 2
    print(""Value is"", b)
    return b
"
localstack,file_5.py,python,"# Mock file 5 for localstack
def test_func_5():
    a = 5
    b = a * 2
    print(""Value is"", b)
    return b
"
localstack,file_18.py,python,"# Mock file 18 for localstack
def test_func_18():
    a = 18
    b = a * 2
    print(""Value is"", b)
    return b
"
localstack,file_4.py,python,"# Mock file 4 for localstack
def test_func_4():
    a = 4
    b = a * 2
    print(""Value is"", b)
    return b
"
localstack,file_0.py,python,"# Mock file 0 for localstack
def test_func_0():
    a = 0
    b = a * 2
    print(""Value is"", b)
    return b
"
localstack,file_23.py,python,"# Mock file 23 for localstack
def test_func_23():
    a = 23
    b = a * 2
    print(""Value is"", b)
    return b
"
localstack,file_17.py,python,"# Mock file 17 for localstack
def test_func_17():
    a = 17
    b = a * 2
    print(""Value is"", b)
    return b
"
localstack,file_13.py,python,"# Mock file 13 for localstack
def test_func_13():
    a = 13
    b = a * 2
    print(""Value is"", b)
    return b
"
localstack,file_12.py,python,"# Mock file 12 for localstack
def test_func_12():
    a = 12
    b = a * 2
    print(""Value is"", b)
    return b
"
localstack,file_22.py,python,"# Mock file 22 for localstack
def test_func_22():
    a = 22
    b = a * 2
    print(""Value is"", b)
    return b
"
localstack,file_16.py,python,"# Mock file 16 for localstack
def test_func_16():
    a = 16
    b = a * 2
    print(""Value is"", b)
    return b
"
localstack,file_11.py,python,"# Mock file 11 for localstack
def test_func_11():
    a = 11
    b = a * 2
    print(""Value is"", b)
    return b
"
localstack,file_21.py,python,"# Mock file 21 for localstack
def test_func_21():
    a = 21
    b = a * 2
    print(""Value is"", b)
    return b
"
localstack,file_15.py,python,"# Mock file 15 for localstack
def test_func_15():
    a = 15
    b = a * 2
    print(""Value is"", b)
    return b
"
localstack,file_9.py,python,"# Mock file 9 for localstack
def test_func_9():
    a = 9
    b = a * 2
    print(""Value is"", b)
    return b
"
localstack,file_20.py,python,"# Mock file 20 for localstack
def test_func_20():
    a = 20
    b = a * 2
    print(""Value is"", b)
    return b
"
localstack,file_14.py,python,"# Mock file 14 for localstack
def test_func_14():
    a = 14
    b = a * 2
    print(""Value is"", b)
    return b
"
localstack,file_8.py,python,"# Mock file 8 for localstack
def test_func_8():
    a = 8
    b = a * 2
    print(""Value is"", b)
    return b
"
localstack,file_10.py,python,"# Mock file 10 for localstack
def test_func_10():
    a = 10
    b = a * 2
    print(""Value is"", b)
    return b
"
localstack,file_24.py,python,"# Mock file 24 for localstack
def test_func_24():
    a = 24
    b = a * 2
    print(""Value is"", b)
    return b
"
localstack,file_7.py,python,"# Mock file 7 for localstack
def test_func_7():
    a = 7
    b = a * 2
    print(""Value is"", b)
    return b
"
localstack,file_3.py,python,"# Mock file 3 for localstack
def test_func_3():
    a = 3
    b = a * 2
    print(""Value is"", b)
    return b
"
localstack,file_2.py,python,"# Mock file 2 for localstack
def test_func_2():
    a = 2
    b = a * 2
    print(""Value is"", b)
    return b
"
localstack,file_6.py,python,"# Mock file 6 for localstack
def test_func_6():
    a = 6
    b = a * 2
    print(""Value is"", b)
    return b
"
prefect,file_1.py,python,"# Mock file 1 for prefect
def test_func_1():
    a = 1
    b = a * 2
    print(""Value is"", b)
    return b
"
prefect,file_19.py,python,"# Mock file 19 for prefect
def test_func_19():
    a = 19
    b = a * 2
    print(""Value is"", b)
    return b
"
prefect,file_5.py,python,"# Mock file 5 for prefect
def test_func_5():
    a = 5
    b = a * 2
    print(""Value is"", b)
    return b
"
prefect,file_18.py,python,"# Mock file 18 for prefect
def test_func_18():
    a = 18
    b = a * 2
    print(""Value is"", b)
    return b
"
prefect,file_4.py,python,"# Mock file 4 for prefect
def test_func_4():
    a = 4
    b = a * 2
    print(""Value is"", b)
    return b
"
prefect,file_0.py,python,"# Mock file 0 for prefect
def test_func_0():
    a = 0
    b = a * 2
    print(""Value is"", b)
    return b
"
prefect,file_23.py,python,"# Mock file 23 for prefect
def test_func_23():
    a = 23
    b = a * 2
    print(""Value is"", b)
    return b
"
prefect,file_17.py,python,"# Mock file 17 for prefect
def test_func_17():
    a = 17
    b = a * 2
    print(""Value is"", b)
    return b
"
prefect,file_13.py,python,"# Mock file 13 for prefect
def test_func_13():
    a = 13
    b = a * 2
    print(""Value is"", b)
    return b
"
prefect,file_12.py,python,"# Mock file 12 for prefect
def test_func_12():
    a = 12
    b = a * 2
    print(""Value is"", b)
    return b
"
prefect,file_22.py,python,"# Mock file 22 for prefect
def test_func_22():
    a = 22
    b = a * 2
    print(""Value is"", b)
    return b
"
prefect,file_16.py,python,"# Mock file 16 for prefect
def test_func_16():
    a = 16
    b = a * 2
    print(""Value is"", b)
    return b
"
prefect,file_11.py,python,"# Mock file 11 for prefect
def test_func_11():
    a = 11
    b = a * 2
    print(""Value is"", b)
    return b
"
prefect,file_21.py,python,"# Mock file 21 for prefect
def test_func_21():
    a = 21
    b = a * 2
    print(""Value is"", b)
    return b
"
prefect,file_15.py,python,"# Mock file 15 for prefect
def test_func_15():
    a = 15
    b = a * 2
    print(""Value is"", b)
    return b
"
prefect,file_9.py,python,"# Mock file 9 for prefect
def test_func_9():
    a = 9
    b = a * 2
    print(""Value is"", b)
    return b
"
prefect,file_20.py,python,"# Mock file 20 for prefect
def test_func_20():
    a = 20
    b = a * 2
    print(""Value is"", b)
    return b
"
prefect,file_14.py,python,"# Mock file 14 for prefect
def test_func_14():
    a = 14
    b = a * 2
    print(""Value is"", b)
    return b
"
prefect,file_8.py,python,"# Mock file 8 for prefect
def test_func_8():
    a = 8
    b = a * 2
    print(""Value is"", b)
    return b
"
prefect,file_10.py,python,"# Mock file 10 for prefect
def test_func_10():
    a = 10
    b = a * 2
    print(""Value is"", b)
    return b
"
prefect,file_24.py,python,"# Mock file 24 for prefect
def test_func_24():
    a = 24
    b = a * 2
    print(""Value is"", b)
    return b
"
prefect,file_7.py,python,"# Mock file 7 for prefect
def test_func_7():
    a = 7
    b = a * 2
    print(""Value is"", b)
    return b
"
prefect,file_3.py,python,"# Mock file 3 for prefect
def test_func_3():
    a = 3
    b = a * 2
    print(""Value is"", b)
    return b
"
prefect,file_2.py,python,"# Mock file 2 for prefect
def test_func_2():
    a = 2
    b = a * 2
    print(""Value is"", b)
    return b
"
prefect,file_6.py,python,"# Mock file 6 for prefect
def test_func_6():
    a = 6
    b = a * 2
    print(""Value is"", b)
    return b
"
pytorch,file_1.py,python,"# Mock file 1 for pytorch
def test_func_1():
    a = 1
    b = a * 2
    print(""Value is"", b)
    return b
"
pytorch,file_19.py,python,"# Mock file 19 for pytorch
def test_func_19():
    a = 19
    b = a * 2
    print(""Value is"", b)
    return b
"
pytorch,file_5.py,python,"# Mock file 5 for pytorch
def test_func_5():
    a = 5
    b = a * 2
    print(""Value is"", b)
    return b
"
pytorch,file_18.py,python,"# Mock file 18 for pytorch
def test_func_18():
    a = 18
    b = a * 2
    print(""Value is"", b)
    return b
"
pytorch,file_4.py,python,"# Mock file 4 for pytorch
def test_func_4():
    a = 4
    b = a * 2
    print(""Value is"", b)
    return b
"
pytorch,file_0.py,python,"# Mock file 0 for pytorch
def test_func_0():
    a = 0
    b = a * 2
    print(""Value is"", b)
    return b
"
pytorch,file_23.py,python,"# Mock file 23 for pytorch
def test_func_23():
    a = 23
    b = a * 2
    print(""Value is"", b)
    return b
"
pytorch,file_17.py,python,"# Mock file 17 for pytorch
def test_func_17():
    a = 17
    b = a * 2
    print(""Value is"", b)
    return b
"
pytorch,file_13.py,python,"# Mock file 13 for pytorch
def test_func_13():
    a = 13
    b = a * 2
    print(""Value is"", b)
    return b
"
pytorch,file_12.py,python,"# Mock file 12 for pytorch
def test_func_12():
    a = 12
    b = a * 2
    print(""Value is"", b)
    return b
"
pytorch,file_22.py,python,"# Mock file 22 for pytorch
def test_func_22():
    a = 22
    b = a * 2
    print(""Value is"", b)
    return b
"
pytorch,file_16.py,python,"# Mock file 16 for pytorch
def test_func_16():
    a = 16
    b = a * 2
    print(""Value is"", b)
    return b
"
pytorch,file_11.py,python,"# Mock file 11 for pytorch
def test_func_11():
    a = 11
    b = a * 2
    print(""Value is"", b)
    return b
"
pytorch,file_21.py,python,"# Mock file 21 for pytorch
def test_func_21():
    a = 21
    b = a * 2
    print(""Value is"", b)
    return b
"
pytorch,file_15.py,python,"# Mock file 15 for pytorch
def test_func_15():
    a = 15
    b = a * 2
    print(""Value is"", b)
    return b
"
pytorch,file_9.py,python,"# Mock file 9 for pytorch
def test_func_9():
    a = 9
    b = a * 2
    print(""Value is"", b)
    return b
"
pytorch,file_20.py,python,"# Mock file 20 for pytorch
def test_func_20():
    a = 20
    b = a * 2
    print(""Value is"", b)
    return b
"
pytorch,file_14.py,python,"# Mock file 14 for pytorch
def test_func_14():
    a = 14
    b = a * 2
    print(""Value is"", b)
    return b
"
pytorch,file_8.py,python,"# Mock file 8 for pytorch
def test_func_8():
    a = 8
    b = a * 2
    print(""Value is"", b)
    return b
"
pytorch,file_10.py,python,"# Mock file 10 for pytorch
def test_func_10():
    a = 10
    b = a * 2
    print(""Value is"", b)
    return b
"
pytorch,file_24.py,python,"# Mock file 24 for pytorch
def test_func_24():
    a = 24
    b = a * 2
    print(""Value is"", b)
    return b
"
pytorch,file_7.py,python,"# Mock file 7 for pytorch
def test_func_7():
    a = 7
    b = a * 2
    print(""Value is"", b)
    return b
"
pytorch,file_3.py,python,"# Mock file 3 for pytorch
def test_func_3():
    a = 3
    b = a * 2
    print(""Value is"", b)
    return b
"
pytorch,file_2.py,python,"# Mock file 2 for pytorch
def test_func_2():
    a = 2
    b = a * 2
    print(""Value is"", b)
    return b
"
pytorch,file_6.py,python,"# Mock file 6 for pytorch
def test_func_6():
    a = 6
    b = a * 2
    print(""Value is"", b)
    return b
"
django,file_1.py,python,"# Mock file 1 for django
def test_func_1():
    a = 1
    b = a * 2
    print(""Value is"", b)
    return b
"
django,file_19.py,python,"# Mock file 19 for django
def test_func_19():
    a = 19
    b = a * 2
    print(""Value is"", b)
    return b
"
django,file_5.py,python,"# Mock file 5 for django
def test_func_5():
    a = 5
    b = a * 2
    print(""Value is"", b)
    return b
"
django,file_18.py,python,"# Mock file 18 for django
def test_func_18():
    a = 18
    b = a * 2
    print(""Value is"", b)
    return b
"
django,file_4.py,python,"# Mock file 4 for django
def test_func_4():
    a = 4
    b = a * 2
    print(""Value is"", b)
    return b
"
django,file_0.py,python,"# Mock file 0 for django
def test_func_0():
    a = 0
    b = a * 2
    print(""Value is"", b)
    return b
"
django,file_23.py,python,"# Mock file 23 for django
def test_func_23():
    a = 23
    b = a * 2
    print(""Value is"", b)
    return b
"
django,file_17.py,python,"# Mock file 17 for django
def test_func_17():
    a = 17
    b = a * 2
    print(""Value is"", b)
    return b
"
django,file_13.py,python,"# Mock file 13 for django
def test_func_13():
    a = 13
    b = a * 2
    print(""Value is"", b)
    return b
"
django,file_12.py,python,"# Mock file 12 for django
def test_func_12():
    a = 12
    b = a * 2
    print(""Value is"", b)
    return b
"
django,file_22.py,python,"# Mock file 22 for django
def test_func_22():
    a = 22
    b = a * 2
    print(""Value is"", b)
    return b
"
django,file_16.py,python,"# Mock file 16 for django
def test_func_16():
    a = 16
    b = a * 2
    print(""Value is"", b)
    return b
"
django,file_11.py,python,"# Mock file 11 for django
def test_func_11():
    a = 11
    b = a * 2
    print(""Value is"", b)
    return b
"
django,file_21.py,python,"# Mock file 21 for django
def test_func_21():
    a = 21
    b = a * 2
    print(""Value is"", b)
    return b
"
django,file_15.py,python,"# Mock file 15 for django
def test_func_15():
    a = 15
    b = a * 2
    print(""Value is"", b)
    return b
"
django,file_9.py,python,"# Mock file 9 for django
def test_func_9():
    a = 9
    b = a * 2
    print(""Value is"", b)
    return b
"
django,file_20.py,python,"# Mock file 20 for django
def test_func_20():
    a = 20
    b = a * 2
    print(""Value is"", b)
    return b
"
django,file_14.py,python,"# Mock file 14 for django
def test_func_14():
    a = 14
    b = a * 2
    print(""Value is"", b)
    return b
"
django,file_8.py,python,"# Mock file 8 for django
def test_func_8():
    a = 8
    b = a * 2
    print(""Value is"", b)
    return b
"
django,file_10.py,python,"# Mock file 10 for django
def test_func_10():
    a = 10
    b = a * 2
    print(""Value is"", b)
    return b
"
django,file_24.py,python,"# Mock file 24 for django
def test_func_24():
    a = 24
    b = a * 2
    print(""Value is"", b)
    return b
"
django,file_7.py,python,"# Mock file 7 for django
def test_func_7():
    a = 7
    b = a * 2
    print(""Value is"", b)
    return b
"
django,file_3.py,python,"# Mock file 3 for django
def test_func_3():
    a = 3
    b = a * 2
    print(""Value is"", b)
    return b
"
django,file_2.py,python,"# Mock file 2 for django
def test_func_2():
    a = 2
    b = a * 2
    print(""Value is"", b)
    return b
"
django,file_6.py,python,"# Mock file 6 for django
def test_func_6():
    a = 6
    b = a * 2
    print(""Value is"", b)
    return b
"
redux,file_6.ts,typescript,"// Mock file 6 for redux
function testFunc6() {
    const a = 6;
    const b = a * 2;
    console.log(""Value is"", b);
    return b;
}
"
redux,file_2.ts,typescript,"// Mock file 2 for redux
function testFunc2() {
    const a = 2;
    const b = a * 2;
    console.log(""Value is"", b);
    return b;
}
"
redux,file_3.ts,typescript,"// Mock file 3 for redux
function testFunc3() {
    const a = 3;
    const b = a * 2;
    console.log(""Value is"", b);
    return b;
}
"
redux,file_7.ts,typescript,"// Mock file 7 for redux
function testFunc7() {
    const a = 7;
    const b = a * 2;
    console.log(""Value is"", b);
    return b;
}
"
redux,file_24.ts,typescript,"// Mock file 24 for redux
function testFunc24() {
    const a = 24;
    const b = a * 2;
    console.log(""Value is"", b);
    return b;
}
"
redux,file_10.ts,typescript,"// Mock file 10 for redux
function testFunc10() {
    const a = 10;
    const b = a * 2;
    console.log(""Value is"", b);
    return b;
}
"
redux,file_8.ts,typescript,"// Mock file 8 for redux
function testFunc8() {
    const a = 8;
    const b = a * 2;
    console.log(""Value is"", b);
    return b;
}
"
redux,file_14.ts,typescript,"// Mock file 14 for redux
function testFunc14() {
    const a = 14;
    const b = a * 2;
    console.log(""Value is"", b);
    return b;
}
"
redux,file_20.ts,typescript,"// Mock file 20 for redux
function testFunc20() {
    const a = 20;
    const b = a * 2;
    console.log(""Value is"", b);
    return b;
}
"
redux,file_9.ts,typescript,"// Mock file 9 for redux
function testFunc9() {
    const a = 9;
    const b = a * 2;
    console.log(""Value is"", b);
    return b;
}
"
redux,file_15.ts,typescript,"// Mock file 15 for redux
function testFunc15() {
    const a = 15;
    const b = a * 2;
    console.log(""Value is"", b);
    return b;
}
"
redux,file_21.ts,typescript,"// Mock file 21 for redux
function testFunc21() {
    const a = 21;
    const b = a * 2;
    console.log(""Value is"", b);
    return b;
}
"
redux,file_11.ts,typescript,"// Mock file 11 for redux
function testFunc11() {
    const a = 11;
    const b = a * 2;
    console.log(""Value is"", b);
    return b;
}
"
redux,file_16.ts,typescript,"// Mock file 16 for redux
function testFunc16() {
    const a = 16;
    const b = a * 2;
    console.log(""Value is"", b);
    return b;
}
"
redux,file_22.ts,typescript,"// Mock file 22 for redux
function testFunc22() {
    const a = 22;
    const b = a * 2;
    console.log(""Value is"", b);
    return b;
}
"
redux,file_12.ts,typescript,"// Mock file 12 for redux
function testFunc12() {
    const a = 12;
    const b = a * 2;
    console.log(""Value is"", b);
    return b;
}
"
redux,file_13.ts,typescript,"// Mock file 13 for redux
function testFunc13() {
    const a = 13;
    const b = a * 2;
    console.log(""Value is"", b);
    return b;
}
"
redux,file_17.ts,typescript,"// Mock file 17 for redux
function testFunc17() {
    const a = 17;
    const b = a * 2;
    console.log(""Value is"", b);
    return b;
}
"
redux,file_23.ts,typescript,"// Mock file 23 for redux
function testFunc23() {
    const a = 23;
    const b = a * 2;
    console.log(""Value is"", b);
    return b;
}
"
redux,file_0.ts,typescript,"// Mock file 0 for redux
function testFunc0() {
    const a = 0;
    const b = a * 2;
    console.log(""Value is"", b);
    return b;
}
"
redux,file_4.ts,typescript,"// Mock file 4 for redux
function testFunc4() {
    const a = 4;
    const b = a * 2;
    console.log(""Value is"", b);
    return b;
}
"
redux,file_18.ts,typescript,"// Mock file 18 for redux
function testFunc18() {
    const a = 18;
    const b = a * 2;
    console.log(""Value is"", b);
    return b;
}
"
redux,file_5.ts,typescript,"// Mock file 5 for redux
function testFunc5() {
    const a = 5;
    const b = a * 2;
    console.log(""Value is"", b);
    return b;
}
"
redux,file_19.ts,typescript,"// Mock file 19 for redux
function testFunc19() {
    const a = 19;
    const b = a * 2;
    console.log(""Value is"", b);
    return b;
}
"
redux,file_1.ts,typescript,"// Mock file 1 for redux
function testFunc1() {
    const a = 1;
    const b = a * 2;
    console.log(""Value is"", b);
    return b;
}
"
axios,file_6.ts,typescript,"// Mock file 6 for axios
function testFunc6() {
    const a = 6;
    const b = a * 2;
    console.log(""Value is"", b);
    return b;
}
"
axios,file_2.ts,typescript,"// Mock file 2 for axios
function testFunc2() {
    const a = 2;
    const b = a * 2;
    console.log(""Value is"", b);
    return b;
}
"
axios,file_3.ts,typescript,"// Mock file 3 for axios
function testFunc3() {
    const a = 3;
    const b = a * 2;
    console.log(""Value is"", b);
    return b;
}
"
axios,file_7.ts,typescript,"// Mock file 7 for axios
function testFunc7() {
    const a = 7;
    const b = a * 2;
    console.log(""Value is"", b);
    return b;
}
"
axios,file_24.ts,typescript,"// Mock file 24 for axios
function testFunc24() {
    const a = 24;
    const b = a * 2;
    console.log(""Value is"", b);
    return b;
}
"
axios,file_10.ts,typescript,"// Mock file 10 for axios
function testFunc10() {
    const a = 10;
    const b = a * 2;
    console.log(""Value is"", b);
    return b;
}
"
axios,file_8.ts,typescript,"// Mock file 8 for axios
function testFunc8() {
    const a = 8;
    const b = a * 2;
    console.log(""Value is"", b);
    return b;
}
"
axios,file_14.ts,typescript,"// Mock file 14 for axios
function testFunc14() {
    const a = 14;
    const b = a * 2;
    console.log(""Value is"", b);
    return b;
}
"
axios,file_20.ts,typescript,"// Mock file 20 for axios
function testFunc20() {
    const a = 20;
    const b = a * 2;
    console.log(""Value is"", b);
    return b;
}
"
axios,file_9.ts,typescript,"// Mock file 9 for axios
function testFunc9() {
    const a = 9;
    const b = a * 2;
    console.log(""Value is"", b);
    return b;
}
"
axios,file_15.ts,typescript,"// Mock file 15 for axios
function testFunc15() {
    const a = 15;
    const b = a * 2;
    console.log(""Value is"", b);
    return b;
}
"
axios,file_21.ts,typescript,"// Mock file 21 for axios
function testFunc21() {
    const a = 21;
    const b = a * 2;
    console.log(""Value is"", b);
    return b;
}
"
axios,file_11.ts,typescript,"// Mock file 11 for axios
function testFunc11() {
    const a = 11;
    const b = a * 2;
    console.log(""Value is"", b);
    return b;
}
"
axios,file_16.ts,typescript,"// Mock file 16 for axios
function testFunc16() {
    const a = 16;
    const b = a * 2;
    console.log(""Value is"", b);
    return b;
}
"
axios,file_22.ts,typescript,"// Mock file 22 for axios
function testFunc22() {
    const a = 22;
    const b = a * 2;
    console.log(""Value is"", b);
    return b;
}
"
axios,file_12.ts,typescript,"// Mock file 12 for axios
function testFunc12() {
    const a = 12;
    const b = a * 2;
    console.log(""Value is"", b);
    return b;
}
"
axios,file_13.ts,typescript,"// Mock file 13 for axios
function testFunc13() {
    const a = 13;
    const b = a * 2;
    console.log(""Value is"", b);
    return b;
}
"
axios,file_17.ts,typescript,"// Mock file 17 for axios
function testFunc17() {
    const a = 17;
    const b = a * 2;
    console.log(""Value is"", b);
    return b;
}
"
axios,file_23.ts,typescript,"// Mock file 23 for axios
function testFunc23() {
    const a = 23;
    const b = a * 2;
    console.log(""Value is"", b);
    return b;
}
"
axios,file_0.ts,typescript,"// Mock file 0 for axios
function testFunc0() {
    const a = 0;
    const b = a * 2;
    console.log(""Value is"", b);
    return b;
}
"
axios,file_4.ts,typescript,"// Mock file 4 for axios
function testFunc4() {
    const a = 4;
    const b = a * 2;
    console.log(""Value is"", b);
    return b;
}
"
axios,file_18.ts,typescript,"// Mock file 18 for axios
function testFunc18() {
    const a = 18;
    const b = a * 2;
    console.log(""Value is"", b);
    return b;
}
"
axios,file_5.ts,typescript,"// Mock file 5 for axios
function testFunc5() {
    const a = 5;
    const b = a * 2;
    console.log(""Value is"", b);
    return b;
}
"
axios,file_19.ts,typescript,"// Mock file 19 for axios
function testFunc19() {
    const a = 19;
    const b = a * 2;
    console.log(""Value is"", b);
    return b;
}
"
axios,file_1.ts,typescript,"// Mock file 1 for axios
function testFunc1() {
    const a = 1;
    const b = a * 2;
    console.log(""Value is"", b);
    return b;
}
"
ray,file_1.py,python,"# Mock file 1 for ray
def test_func_1():
    a = 1
    b = a * 2
    print(""Value is"", b)
    return b
"
ray,file_19.py,python,"# Mock file 19 for ray
def test_func_19():
    a = 19
    b = a * 2
    print(""Value is"", b)
    return b
"
ray,file_5.py,python,"# Mock file 5 for ray
def test_func_5():
    a = 5
    b = a * 2
    print(""Value is"", b)
    return b
"
ray,file_18.py,python,"# Mock file 18 for ray
def test_func_18():
    a = 18
    b = a * 2
    print(""Value is"", b)
    return b
"
ray,file_4.py,python,"# Mock file 4 for ray
def test_func_4():
    a = 4
    b = a * 2
    print(""Value is"", b)
    return b
"
ray,file_0.py,python,"# Mock file 0 for ray
def test_func_0():
    a = 0
    b = a * 2
    print(""Value is"", b)
    return b
"
ray,file_23.py,python,"# Mock file 23 for ray
def test_func_23():
    a = 23
    b = a * 2
    print(""Value is"", b)
    return b
"
ray,file_17.py,python,"# Mock file 17 for ray
def test_func_17():
    a = 17
    b = a * 2
    print(""Value is"", b)
    return b
"
ray,file_13.py,python,"# Mock file 13 for ray
def test_func_13():
    a = 13
    b = a * 2
    print(""Value is"", b)
    return b
"
ray,file_12.py,python,"# Mock file 12 for ray
def test_func_12():
    a = 12
    b = a * 2
    print(""Value is"", b)
    return b
"
ray,file_22.py,python,"# Mock file 22 for ray
def test_func_22():
    a = 22
    b = a * 2
    print(""Value is"", b)
    return b
"
ray,file_16.py,python,"# Mock file 16 for ray
def test_func_16():
    a = 16
    b = a * 2
    print(""Value is"", b)
    return b
"
ray,file_11.py,python,"# Mock file 11 for ray
def test_func_11():
    a = 11
    b = a * 2
    print(""Value is"", b)
    return b
"
ray,file_21.py,python,"# Mock file 21 for ray
def test_func_21():
    a = 21
    b = a * 2
    print(""Value is"", b)
    return b
"
ray,file_15.py,python,"# Mock file 15 for ray
def test_func_15():
    a = 15
    b = a * 2
    print(""Value is"", b)
    return b
"
ray,file_9.py,python,"# Mock file 9 for ray
def test_func_9():
    a = 9
    b = a * 2
    print(""Value is"", b)
    return b
"
ray,file_20.py,python,"# Mock file 20 for ray
def test_func_20():
    a = 20
    b = a * 2
    print(""Value is"", b)
    return b
"
ray,file_14.py,python,"# Mock file 14 for ray
def test_func_14():
    a = 14
    b = a * 2
    print(""Value is"", b)
    return b
"
ray,file_8.py,python,"# Mock file 8 for ray
def test_func_8():
    a = 8
    b = a * 2
    print(""Value is"", b)
    return b
"
ray,file_10.py,python,"# Mock file 10 for ray
def test_func_10():
    a = 10
    b = a * 2
    print(""Value is"", b)
    return b
"
ray,file_24.py,python,"# Mock file 24 for ray
def test_func_24():
    a = 24
    b = a * 2
    print(""Value is"", b)
    return b
"
ray,file_7.py,python,"# Mock file 7 for ray
def test_func_7():
    a = 7
    b = a * 2
    print(""Value is"", b)
    return b
"
ray,file_3.py,python,"# Mock file 3 for ray
def test_func_3():
    a = 3
    b = a * 2
    print(""Value is"", b)
    return b
"
ray,file_2.py,python,"# Mock file 2 for ray
def test_func_2():
    a = 2
    b = a * 2
    print(""Value is"", b)
    return b
"
ray,file_6.py,python,"# Mock file 6 for ray
def test_func_6():
    a = 6
    b = a * 2
    print(""Value is"", b)
    return b
"
elasticsearch,file_1.py,python,"# Mock file 1 for elasticsearch
def test_func_1():
    a = 1
    b = a * 2
    print(""Value is"", b)
    return b
"
elasticsearch,file_19.py,python,"# Mock file 19 for elasticsearch
def test_func_19():
    a = 19
    b = a * 2
    print(""Value is"", b)
    return b
"
elasticsearch,file_5.py,python,"# Mock file 5 for elasticsearch
def test_func_5():
    a = 5
    b = a * 2
    print(""Value is"", b)
    return b
"
elasticsearch,file_18.py,python,"# Mock file 18 for elasticsearch
def test_func_18():
    a = 18
    b = a * 2
    print(""Value is"", b)
    return b
"
elasticsearch,file_4.py,python,"# Mock file 4 for elasticsearch
def test_func_4():
    a = 4
    b = a * 2
    print(""Value is"", b)
    return b
"
elasticsearch,file_0.py,python,"# Mock file 0 for elasticsearch
def test_func_0():
    a = 0
    b = a * 2
    print(""Value is"", b)
    return b
"
elasticsearch,file_23.py,python,"# Mock file 23 for elasticsearch
def test_func_23():
    a = 23
    b = a * 2
    print(""Value is"", b)
    return b
"
elasticsearch,file_17.py,python,"# Mock file 17 for elasticsearch
def test_func_17():
    a = 17
    b = a * 2
    print(""Value is"", b)
    return b
"
elasticsearch,file_13.py,python,"# Mock file 13 for elasticsearch
def test_func_13():
    a = 13
    b = a * 2
    print(""Value is"", b)
    return b
"
elasticsearch,file_12.py,python,"# Mock file 12 for elasticsearch
def test_func_12():
    a = 12
    b = a * 2
    print(""Value is"", b)
    return b
"
elasticsearch,file_22.py,python,"# Mock file 22 for elasticsearch
def test_func_22():
    a = 22
    b = a * 2
    print(""Value is"", b)
    return b
"
elasticsearch,file_16.py,python,"# Mock file 16 for elasticsearch
def test_func_16():
    a = 16
    b = a * 2
    print(""Value is"", b)
    return b
"
elasticsearch,file_11.py,python,"# Mock file 11 for elasticsearch
def test_func_11():
    a = 11
    b = a * 2
    print(""Value is"", b)
    return b
"
elasticsearch,file_21.py,python,"# Mock file 21 for elasticsearch
def test_func_21():
    a = 21
    b = a * 2
    print(""Value is"", b)
    return b
"
elasticsearch,file_15.py,python,"# Mock file 15 for elasticsearch
def test_func_15():
    a = 15
    b = a * 2
    print(""Value is"", b)
    return b
"
elasticsearch,file_9.py,python,"# Mock file 9 for elasticsearch
def test_func_9():
    a = 9
    b = a * 2
    print(""Value is"", b)
    return b
"
elasticsearch,file_20.py,python,"# Mock file 20 for elasticsearch
def test_func_20():
    a = 20
    b = a * 2
    print(""Value is"", b)
    return b
"
elasticsearch,file_14.py,python,"# Mock file 14 for elasticsearch
def test_func_14():
    a = 14
    b = a * 2
    print(""Value is"", b)
    return b
"
elasticsearch,file_8.py,python,"# Mock file 8 for elasticsearch
def test_func_8():
    a = 8
    b = a * 2
    print(""Value is"", b)
    return b
"
elasticsearch,file_10.py,python,"# Mock file 10 for elasticsearch
def test_func_10():
    a = 10
    b = a * 2
    print(""Value is"", b)
    return b
"
elasticsearch,file_24.py,python,"# Mock file 24 for elasticsearch
def test_func_24():
    a = 24
    b = a * 2
    print(""Value is"", b)
    return b
"
elasticsearch,file_7.py,python,"# Mock file 7 for elasticsearch
def test_func_7():
    a = 7
    b = a * 2
    print(""Value is"", b)
    return b
"
elasticsearch,file_3.py,python,"# Mock file 3 for elasticsearch
def test_func_3():
    a = 3
    b = a * 2
    print(""Value is"", b)
    return b
"
elasticsearch,file_2.py,python,"# Mock file 2 for elasticsearch
def test_func_2():
    a = 2
    b = a * 2
    print(""Value is"", b)
    return b
"
elasticsearch,file_6.py,python,"# Mock file 6 for elasticsearch
def test_func_6():
    a = 6
    b = a * 2
    print(""Value is"", b)
    return b
"
scikit-learn,file_1.py,python,"# Mock file 1 for scikit-learn
def test_func_1():
    a = 1
    b = a * 2
    print(""Value is"", b)
    return b
"
scikit-learn,file_19.py,python,"# Mock file 19 for scikit-learn
def test_func_19():
    a = 19
    b = a * 2
    print(""Value is"", b)
    return b
"
scikit-learn,file_5.py,python,"# Mock file 5 for scikit-learn
def test_func_5():
    a = 5
    b = a * 2
    print(""Value is"", b)
    return b
"
scikit-learn,file_18.py,python,"# Mock file 18 for scikit-learn
def test_func_18():
    a = 18
    b = a * 2
    print(""Value is"", b)
    return b
"
scikit-learn,file_4.py,python,"# Mock file 4 for scikit-learn
def test_func_4():
    a = 4
    b = a * 2
    print(""Value is"", b)
    return b
"
scikit-learn,file_0.py,python,"# Mock file 0 for scikit-learn
def test_func_0():
    a = 0
    b = a * 2
    print(""Value is"", b)
    return b
"
scikit-learn,file_23.py,python,"# Mock file 23 for scikit-learn
def test_func_23():
    a = 23
    b = a * 2
    print(""Value is"", b)
    return b
"
scikit-learn,file_17.py,python,"# Mock file 17 for scikit-learn
def test_func_17():
    a = 17
    b = a * 2
    print(""Value is"", b)
    return b
"
scikit-learn,file_13.py,python,"# Mock file 13 for scikit-learn
def test_func_13():
    a = 13
    b = a * 2
    print(""Value is"", b)
    return b
"
scikit-learn,file_12.py,python,"# Mock file 12 for scikit-learn
def test_func_12():
    a = 12
    b = a * 2
    print(""Value is"", b)
    return b
"
scikit-learn,file_22.py,python,"# Mock file 22 for scikit-learn
def test_func_22():
    a = 22
    b = a * 2
    print(""Value is"", b)
    return b
"
scikit-learn,file_16.py,python,"# Mock file 16 for scikit-learn
def test_func_16():
    a = 16
    b = a * 2
    print(""Value is"", b)
    return b
"
scikit-learn,file_11.py,python,"# Mock file 11 for scikit-learn
def test_func_11():
    a = 11
    b = a * 2
    print(""Value is"", b)
    return b
"
scikit-learn,file_21.py,python,"# Mock file 21 for scikit-learn
def test_func_21():
    a = 21
    b = a * 2
    print(""Value is"", b)
    return b
"
scikit-learn,file_15.py,python,"# Mock file 15 for scikit-learn
def test_func_15():
    a = 15
    b = a * 2
    print(""Value is"", b)
    return b
"
scikit-learn,file_9.py,python,"# Mock file 9 for scikit-learn
def test_func_9():
    a = 9
    b = a * 2
    print(""Value is"", b)
    return b
"
scikit-learn,file_20.py,python,"# Mock file 20 for scikit-learn
def test_func_20():
    a = 20
    b = a * 2
    print(""Value is"", b)
    return b
"
scikit-learn,file_14.py,python,"# Mock file 14 for scikit-learn
def test_func_14():
    a = 14
    b = a * 2
    print(""Value is"", b)
    return b
"
scikit-learn,file_8.py,python,"# Mock file 8 for scikit-learn
def test_func_8():
    a = 8
    b = a * 2
    print(""Value is"", b)
    return b
"
scikit-learn,file_10.py,python,"# Mock file 10 for scikit-learn
def test_func_10():
    a = 10
    b = a * 2
    print(""Value is"", b)
    return b
"
scikit-learn,file_24.py,python,"# Mock file 24 for scikit-learn
def test_func_24():
    a = 24
    b = a * 2
    print(""Value is"", b)
    return b
"
scikit-learn,file_7.py,python,"# Mock file 7 for scikit-learn
def test_func_7():
    a = 7
    b = a * 2
    print(""Value is"", b)
    return b
"
scikit-learn,file_3.py,python,"# Mock file 3 for scikit-learn
def test_func_3():
    a = 3
    b = a * 2
    print(""Value is"", b)
    return b
"
scikit-learn,file_2.py,python,"# Mock file 2 for scikit-learn
def test_func_2():
    a = 2
    b = a * 2
    print(""Value is"", b)
    return b
"
scikit-learn,file_6.py,python,"# Mock file 6 for scikit-learn
def test_func_6():
    a = 6
    b = a * 2
    print(""Value is"", b)
    return b
"
pandas,file_1.py,python,"# Mock file 1 for pandas
def test_func_1():
    a = 1
    b = a * 2
    print(""Value is"", b)
    return b
"
pandas,file_19.py,python,"# Mock file 19 for pandas
def test_func_19():
    a = 19
    b = a * 2
    print(""Value is"", b)
    return b
"
pandas,file_5.py,python,"# Mock file 5 for pandas
def test_func_5():
    a = 5
    b = a * 2
    print(""Value is"", b)
    return b
"
pandas,file_18.py,python,"# Mock file 18 for pandas
def test_func_18():
    a = 18
    b = a * 2
    print(""Value is"", b)
    return b
"
pandas,file_4.py,python,"# Mock file 4 for pandas
def test_func_4():
    a = 4
    b = a * 2
    print(""Value is"", b)
    return b
"
pandas,file_0.py,python,"# Mock file 0 for pandas
def test_func_0():
    a = 0
    b = a * 2
    print(""Value is"", b)
    return b
"
pandas,file_23.py,python,"# Mock file 23 for pandas
def test_func_23():
    a = 23
    b = a * 2
    print(""Value is"", b)
    return b
"
pandas,file_17.py,python,"# Mock file 17 for pandas
def test_func_17():
    a = 17
    b = a * 2
    print(""Value is"", b)
    return b
"
pandas,file_13.py,python,"# Mock file 13 for pandas
def test_func_13():
    a = 13
    b = a * 2
    print(""Value is"", b)
    return b
"
pandas,file_12.py,python,"# Mock file 12 for pandas
def test_func_12():
    a = 12
    b = a * 2
    print(""Value is"", b)
    return b
"
pandas,file_22.py,python,"# Mock file 22 for pandas
def test_func_22():
    a = 22
    b = a * 2
    print(""Value is"", b)
    return b
"
pandas,file_16.py,python,"# Mock file 16 for pandas
def test_func_16():
    a = 16
    b = a * 2
    print(""Value is"", b)
    return b
"
pandas,file_11.py,python,"# Mock file 11 for pandas
def test_func_11():
    a = 11
    b = a * 2
    print(""Value is"", b)
    return b
"
pandas,file_21.py,python,"# Mock file 21 for pandas
def test_func_21():
    a = 21
    b = a * 2
    print(""Value is"", b)
    return b
"
pandas,file_15.py,python,"# Mock file 15 for pandas
def test_func_15():
    a = 15
    b = a * 2
    print(""Value is"", b)
    return b
"
pandas,file_9.py,python,"# Mock file 9 for pandas
def test_func_9():
    a = 9
    b = a * 2
    print(""Value is"", b)
    return b
"
pandas,file_20.py,python,"# Mock file 20 for pandas
def test_func_20():
    a = 20
    b = a * 2
    print(""Value is"", b)
    return b
"
pandas,file_14.py,python,"# Mock file 14 for pandas
def test_func_14():
    a = 14
    b = a * 2
    print(""Value is"", b)
    return b
"
pandas,file_8.py,python,"# Mock file 8 for pandas
def test_func_8():
    a = 8
    b = a * 2
    print(""Value is"", b)
    return b
"
pandas,file_10.py,python,"# Mock file 10 for pandas
def test_func_10():
    a = 10
    b = a * 2
    print(""Value is"", b)
    return b
"
pandas,file_24.py,python,"# Mock file 24 for pandas
def test_func_24():
    a = 24
    b = a * 2
    print(""Value is"", b)
    return b
"
pandas,file_7.py,python,"# Mock file 7 for pandas
def test_func_7():
    a = 7
    b = a * 2
    print(""Value is"", b)
    return b
"
pandas,file_3.py,python,"# Mock file 3 for pandas
def test_func_3():
    a = 3
    b = a * 2
    print(""Value is"", b)
    return b
"
pandas,file_2.py,python,"# Mock file 2 for pandas
def test_func_2():
    a = 2
    b = a * 2
    print(""Value is"", b)
    return b
"
pandas,file_6.py,python,"# Mock file 6 for pandas
def test_func_6():
    a = 6
    b = a * 2
    print(""Value is"", b)
    return b
"
