repository_name,file_path,language,loc,complexity,maintainability_index,commit_count,modification_count,contributor_count,commit_frequency,repository_age_days,risk_score,risk_label
JOBPORTAL,job-portal-mern/server/server.js,javascript,20,3,-1.0,2,2,2,0.25,8,29.0,LOW
JOBPORTAL,job-portal-mern/server/app.js,javascript,44,6,-1.0,3,3,2,0.375,8,40.0,MEDIUM
JOBPORTAL,job-portal-mern/server/config/db.js,javascript,16,2,-1.0,1,1,1,0.125,8,23.33,LOW
JOBPORTAL,job-portal-mern/server/config/cloudinary.js,javascript,21,3,-1.0,1,1,1,0.125,8,26.0,LOW
JOBPORTAL,job-portal-mern/server/config/email.js,javascript,18,1,-1.0,1,1,1,0.125,8,20.67,LOW
JOBPORTAL,job-portal-mern/server/middlewares/authMiddleware.js,javascript,23,5,-1.0,1,1,1,0.125,8,31.33,MEDIUM
JOBPORTAL,job-portal-mern/server/middlewares/errorMiddleware.js,javascript,10,3,-1.0,1,1,1,0.125,8,26.0,LOW
JOBPORTAL,job-portal-mern/server/middlewares/imageUpload.js,javascript,31,6,-1.0,2,2,1,0.25,8,37.0,MEDIUM
JOBPORTAL,job-portal-mern/server/middlewares/roleMiddleware.js,javascript,8,3,-1.0,1,1,1,0.125,8,26.0,LOW
JOBPORTAL,job-portal-mern/server/middlewares/uploadMiddleware.js,javascript,31,6,-1.0,1,1,1,0.125,8,34.0,MEDIUM
JOBPORTAL,job-portal-mern/server/utils/sendEmail.js,javascript,24,2,-1.0,1,1,1,0.125,8,23.33,LOW
JOBPORTAL,job-portal-mern/server/utils/generateToken.js,javascript,13,1,-1.0,1,1,1,0.125,8,20.67,LOW
JOBPORTAL,job-portal-mern/server/models/Job.js,javascript,55,1,-1.0,1,1,1,0.125,8,20.67,LOW
JOBPORTAL,job-portal-mern/server/models/User.js,javascript,81,7,-1.0,3,3,2,0.375,8,42.67,MEDIUM
JOBPORTAL,job-portal-mern/server/models/Log.js,javascript,7,1,-1.0,1,1,1,0.125,8,20.67,LOW
JOBPORTAL,job-portal-mern/server/models/JobAlert.js,javascript,29,1,-1.0,1,1,1,0.125,8,20.67,LOW
JOBPORTAL,job-portal-mern/server/models/Application.js,javascript,29,1,-1.0,1,1,1,0.125,8,20.67,LOW
JOBPORTAL,job-portal-mern/server/scripts/runJobAlerts.js,javascript,57,4,-1.0,1,1,1,0.125,8,28.67,LOW
JOBPORTAL,job-portal-mern/server/controllers/alertController.js,javascript,56,9,-1.0,1,1,1,0.125,8,42.0,MEDIUM
JOBPORTAL,job-portal-mern/server/controllers/jobController.js,javascript,138,23,-1.0,1,1,1,0.125,8,58.0,MEDIUM
JOBPORTAL,job-portal-mern/server/controllers/userController.js,javascript,48,8,-1.0,1,1,1,0.125,8,39.33,MEDIUM
JOBPORTAL,job-portal-mern/server/controllers/adminController.js,javascript,77,9,-1.0,1,1,1,0.125,8,42.0,MEDIUM
JOBPORTAL,job-portal-mern/server/controllers/authController.js,javascript,127,22,-1.0,2,2,2,0.25,8,61.0,MEDIUM
JOBPORTAL,job-portal-mern/server/controllers/applicationController.js,javascript,183,37,-1.0,4,4,2,0.5,8,67.0,MEDIUM
JOBPORTAL,job-portal-mern/server/routes/jobRoutes.js,javascript,39,1,-1.0,1,1,1,0.125,8,20.67,LOW
JOBPORTAL,job-portal-mern/server/routes/authRoutes.js,javascript,8,1,-1.0,2,2,2,0.25,8,23.67,LOW
JOBPORTAL,job-portal-mern/server/routes/userRoutes.js,javascript,81,21,-1.0,3,3,2,0.375,8,64.0,MEDIUM
JOBPORTAL,job-portal-mern/server/routes/applicationRoutes.js,javascript,44,1,-1.0,1,1,1,0.125,8,20.67,LOW
JOBPORTAL,job-portal-mern/server/routes/adminRoutes.js,javascript,20,1,-1.0,1,1,1,0.125,8,20.67,LOW
JOBPORTAL,job-portal-mern/client/tailwind.config.js,javascript,103,1,-1.0,4,4,2,0.5,8,29.67,LOW
JOBPORTAL,job-portal-mern/client/test_login_client.js,javascript,26,4,-1.0,1,1,1,0.125,8,28.67,LOW
JOBPORTAL,job-portal-mern/client/vite.config.js,javascript,8,1,-1.0,2,2,2,0.25,8,23.67,LOW
JOBPORTAL,job-portal-mern/client/eslint.config.js,javascript,28,1,-1.0,1,1,1,0.125,8,20.67,LOW
JOBPORTAL,job-portal-mern/client/postcss.config.js,javascript,6,1,-1.0,1,1,1,0.125,8,20.67,LOW
JOBPORTAL,job-portal-mern/client/src/main.jsx,javascript,15,1,-1.0,2,2,2,0.25,8,23.67,LOW
JOBPORTAL,job-portal-mern/client/src/App.jsx,javascript,140,2,-1.0,4,4,2,0.5,8,32.33,MEDIUM
JOBPORTAL,job-portal-mern/client/src/context/AuthContext.jsx,javascript,28,5,-1.0,2,2,2,0.25,8,34.33,MEDIUM
JOBPORTAL,job-portal-mern/client/src/context/ThemeContext.jsx,javascript,25,8,-1.0,1,1,1,0.125,8,39.33,MEDIUM
JOBPORTAL,job-portal-mern/client/src/context/JobContext.jsx,javascript,52,12,-1.0,2,2,1,0.25,8,53.0,MEDIUM
JOBPORTAL,job-portal-mern/client/src/components/JobCard.jsx,javascript,200,31,-1.0,4,4,1,0.5,8,67.0,MEDIUM
JOBPORTAL,job-portal-mern/client/src/components/ui/Skeleton.jsx,javascript,9,1,-1.0,1,1,1,0.125,8,20.67,LOW
JOBPORTAL,job-portal-mern/client/src/components/ui/Input.jsx,javascript,106,8,-1.0,5,5,1,0.625,8,51.33,MEDIUM
JOBPORTAL,job-portal-mern/client/src/components/ui/Select.jsx,javascript,61,1,-1.0,2,2,1,0.25,8,23.67,LOW
JOBPORTAL,job-portal-mern/client/src/components/ui/Button.jsx,javascript,45,4,-1.0,3,3,1,0.375,8,34.67,MEDIUM
JOBPORTAL,job-portal-mern/client/src/components/ui/Card.jsx,javascript,32,2,-1.0,3,3,1,0.375,8,29.33,LOW
JOBPORTAL,job-portal-mern/client/src/components/layout/DashboardLayout.jsx,javascript,22,1,-1.0,3,3,2,0.375,8,26.67,LOW
JOBPORTAL,job-portal-mern/client/src/components/common/Footer.jsx,javascript,49,1,-1.0,3,3,2,0.375,8,26.67,LOW
JOBPORTAL,job-portal-mern/client/src/components/common/Sidebar.jsx,javascript,146,19,-1.0,4,4,2,0.5,8,67.0,MEDIUM
JOBPORTAL,job-portal-mern/client/src/components/common/ProtectedRoute.jsx,javascript,16,5,-1.0,2,2,2,0.25,8,34.33,MEDIUM
JOBPORTAL,job-portal-mern/client/src/components/common/Navbar.jsx,javascript,330,37,-1.0,6,6,2,0.75,8,73.0,HIGH
JOBPORTAL,job-portal-mern/client/src/components/animations/FadeIn.jsx,javascript,24,1,-1.0,1,1,1,0.125,8,20.67,LOW
JOBPORTAL,job-portal-mern/client/src/components/animations/HoverGlowCard.jsx,javascript,20,1,-1.0,1,1,1,0.125,8,20.67,LOW
JOBPORTAL,job-portal-mern/client/src/components/animations/BlurText.jsx,javascript,49,3,-1.0,1,1,1,0.125,8,26.0,LOW
JOBPORTAL,job-portal-mern/client/src/hooks/useAuth.js,javascript,5,1,-1.0,2,2,2,0.25,8,23.67,LOW
JOBPORTAL,job-portal-mern/client/src/hooks/useTheme.js,javascript,5,1,-1.0,1,1,1,0.125,8,20.67,LOW
JOBPORTAL,job-portal-mern/client/src/pages/SavedJobs.jsx,javascript,72,1,-1.0,3,3,1,0.375,8,26.67,LOW
JOBPORTAL,job-portal-mern/client/src/pages/JobAlerts.jsx,javascript,184,38,-1.0,2,2,1,0.25,8,61.0,MEDIUM
JOBPORTAL,job-portal-mern/client/src/pages/auth/ResetPassword.jsx,javascript,99,20,-1.0,3,3,1,0.375,8,64.0,MEDIUM
JOBPORTAL,job-portal-mern/client/src/pages/auth/ForgotPassword.jsx,javascript,114,10,-1.0,2,2,1,0.25,8,47.67,MEDIUM
JOBPORTAL,job-portal-mern/client/src/pages/auth/Login.jsx,javascript,135,14,-1.0,4,4,2,0.5,8,64.33,MEDIUM
JOBPORTAL,job-portal-mern/client/src/pages/auth/Register.jsx,javascript,156,20,-1.0,4,4,2,0.5,8,67.0,MEDIUM
JOBPORTAL,job-portal-mern/client/src/pages/dashboard/Profile.jsx,javascript,232,77,-1.0,5,5,2,0.625,8,70.0,HIGH
JOBPORTAL,job-portal-mern/client/src/pages/dashboard/AdminDashboard.jsx,javascript,171,20,-1.0,3,3,2,0.375,8,64.0,MEDIUM
JOBPORTAL,job-portal-mern/client/src/pages/dashboard/Applicants.jsx,javascript,134,37,-1.0,5,5,2,0.625,8,70.0,HIGH
JOBPORTAL,job-portal-mern/client/src/pages/dashboard/PostJob.jsx,javascript,170,21,-1.0,4,4,2,0.5,8,67.0,MEDIUM
JOBPORTAL,job-portal-mern/client/src/pages/dashboard/RecruiterDashboard.jsx,javascript,199,43,-1.0,4,4,2,0.5,8,67.0,MEDIUM
JOBPORTAL,job-portal-mern/client/src/pages/dashboard/UserDashboard.jsx,javascript,142,20,-1.0,4,4,2,0.5,8,67.0,MEDIUM
JOBPORTAL,job-portal-mern/client/src/pages/dashboard/EditJob.jsx,javascript,123,39,-1.0,3,3,1,0.375,8,64.0,MEDIUM
JOBPORTAL,job-portal-mern/client/src/pages/jobs/JobDetails.jsx,javascript,175,34,-1.0,4,4,2,0.5,8,67.0,MEDIUM
JOBPORTAL,job-portal-mern/client/src/pages/jobs/JobList.jsx,javascript,300,41,-1.0,4,4,2,0.5,8,67.0,MEDIUM
JOBPORTAL,job-portal-mern/client/src/services/api.js,javascript,20,3,-1.0,3,3,2,0.375,8,32.0,MEDIUM
