repository_name,file_path,language,loc,complexity,maintainability_index,commit_count,modification_count,contributor_count,commit_frequency,repository_age_days,bug_fix_commit_count,historical_risk_label
click,tests/test_parser.py,python,32,6,63.37475596230147,3,3,3,0.000677812923633,4426,1,MEDIUM
click,tests/test_shell_completion.py,python,587,144,22.58154051124809,29,29,20,0.0065521915951197,4426,10,HIGH
click,tests/test_basic.py,python,741,144,15.719388808124714,51,51,18,0.0115228197017623,4426,6,HIGH
click,tests/test_utils.py,python,857,143,19.65870432802916,76,76,35,0.0171712607320379,4426,25,HIGH
click,tests/test_termui.py,python,1562,195,16.507831052910085,63,63,32,0.0142340713962946,4426,11,HIGH
click,tests/conftest.py,python,8,1,100.0,11,11,4,0.0024853140533212,4426,1,MEDIUM
click,tests/test_options.py,python,3517,396,0.0,126,126,55,0.0284681427925892,4426,36,HIGH
click,tests/test_info_dict.py,python,315,18,48.11853731894232,6,6,6,0.0013556258472661,4426,1,MEDIUM
click,tests/test_imports.py,python,80,5,62.329586036881174,30,30,15,0.0067781292363307,4426,8,HIGH
click,tests/test_command_decorators.py,python,92,17,44.1786456575496,4,4,3,0.0009037505648441,4426,1,MEDIUM
click,tests/test_stream_lifecycle.py,python,540,95,36.49326840190735,2,2,1,0.000451875282422,4426,1,MEDIUM
click,tests/test_commands.py,python,650,104,26.8915439376873,45,45,22,0.0101671938544961,4426,17,HIGH
click,tests/test_compat.py,python,55,5,71.63358338765227,18,18,9,0.0040668775417984,4426,4,HIGH
click,tests/test_formatting.py,python,616,68,45.67522593184852,32,32,19,0.0072300045187528,4426,10,HIGH
click,tests/test_context.py,python,782,86,26.13343350156297,30,30,15,0.0067781292363307,4426,6,HIGH
click,tests/test_chain.py,python,245,27,42.0840388193055,20,20,6,0.0045187528242205,4426,2,MEDIUM
click,tests/test_normalization.py,python,63,12,59.129075445325064,7,7,4,0.0015815634884771,4426,1,MEDIUM
click,tests/test_defaults.py,python,563,79,43.10817265780498,18,18,6,0.0040668775417984,4426,6,HIGH
click,tests/test_custom_classes.py,python,112,14,70.49873164207317,1,1,1,0.000225937641211,4426,0,LOW
click,tests/test_types.py,python,285,29,46.30883558872581,19,19,9,0.0042928151830094,4426,2,MEDIUM
click,tests/test_arguments.py,python,743,126,23.173321636890854,57,57,21,0.0128784455490284,4426,18,HIGH
click,tests/test_testing.py,python,760,155,18.622493322943,43,43,25,0.0097153185720741,4426,11,HIGH
click,tests/typing/typing_confirmation_option.py,python,14,1,100.0,4,4,3,0.0009037505648441,4426,3,HIGH
click,tests/typing/typing_help_option.py,python,13,1,100.0,1,1,1,0.000225937641211,4426,1,MEDIUM
click,tests/typing/typing_options.py,python,16,2,100.0,4,4,3,0.0009037505648441,4426,3,HIGH
click,tests/typing/typing_group_kw_options.py,python,11,1,100.0,1,1,1,0.000225937641211,4426,1,MEDIUM
click,tests/typing/typing_aliased_group.py,python,46,8,66.7458196448301,4,4,3,0.0009037505648441,4426,3,HIGH
click,tests/typing/typing_simple_example.py,python,17,2,100.0,3,3,2,0.000677812923633,4426,2,MEDIUM
click,tests/typing/typing_progressbar.py,python,24,5,100.0,1,1,1,0.000225937641211,4426,0,LOW
click,tests/typing/typing_version_option.py,python,16,1,100.0,4,4,3,0.0009037505648441,4426,3,HIGH
click,tests/typing/typing_password_option.py,python,14,1,100.0,1,1,1,0.000225937641211,4426,1,MEDIUM
click,docs/conf.py,python,59,1,100.0,26,26,7,0.0058743786714866,4426,5,HIGH
click,examples/inout/inout.py,python,30,4,97.41779417468769,5,5,4,0.0011296882060551,4426,1,MEDIUM
click,examples/complex/complex/__init__.py,python,0,1,100.0,1,1,1,0.000225937641211,4426,0,LOW
click,examples/complex/complex/cli.py,python,60,9,51.55307621578065,11,11,3,0.0024853140533212,4426,1,MEDIUM
click,examples/complex/complex/commands/cmd_status.py,python,11,1,100.0,5,5,4,0.0011296882060551,4426,0,LOW
click,examples/complex/complex/commands/__init__.py,python,0,1,100.0,1,1,1,0.000225937641211,4426,0,LOW
click,examples/complex/complex/commands/cmd_init.py,python,13,2,73.1756852057256,5,5,3,0.0011296882060551,4426,0,LOW
click,examples/completion/completion.py,python,56,12,76.65469465101006,3,3,1,0.000677812923633,4426,1,MEDIUM
click,examples/imagepipe/imagepipe.py,python,288,52,48.95065720286186,10,10,3,0.0022593764121102,4426,0,LOW
click,examples/colors/colors.py,python,39,4,100.0,8,8,4,0.0018075011296882,4426,1,MEDIUM
click,examples/termui/termui.py,python,169,27,42.253629046745274,16,16,2,0.0036150022593764,4426,2,MEDIUM
click,examples/naval/naval.py,python,72,8,100.0,6,6,2,0.0013556258472661,4426,1,MEDIUM
click,examples/aliases/aliases.py,python,143,16,66.73409260824235,14,14,4,0.0031631269769543,4426,2,MEDIUM
click,examples/repo/repo.py,python,166,17,67.33204405466785,15,15,2,0.0033890646181653,4426,0,LOW
click,examples/validation/validation.py,python,48,10,74.46900661627932,13,13,5,0.0029371893357433,4426,3,HIGH
click,src/click/_winconsole.py,python,297,28,43.16369292167316,21,21,8,0.0047446904654315,4426,2,MEDIUM
click,src/click/_textwrap.py,python,188,15,50.21074725034268,7,7,3,0.0015815634884771,4426,0,LOW
click,src/click/globals.py,python,67,10,84.63937839905921,12,12,3,0.0027112516945323,4426,2,MEDIUM
click,src/click/__init__.py,python,126,5,60.35271771251693,50,50,8,0.0112968820605512,4426,1,MEDIUM
click,src/click/core.py,python,3676,70,0.0,222,222,76,0.0501581563488477,4426,41,HIGH
click,src/click/types.py,python,1374,94,18.74090495992198,79,79,32,0.017849073655671,4426,15,HIGH
click,src/click/formatting.py,python,320,20,51.91024993233019,22,22,9,0.0049706281066425,4426,2,MEDIUM
click,src/click/parser.py,python,533,36,40.79188795676464,32,32,13,0.0072300045187528,4426,6,HIGH
click,src/click/termui.py,python,934,101,43.514524642012354,68,68,34,0.0153637596023497,4426,14,HIGH
click,src/click/utils.py,python,647,67,44.37759197754168,51,51,20,0.0115228197017623,4426,7,HIGH
click,src/click/exceptions.py,python,378,42,46.9906608001246,36,36,15,0.0081337550835969,4426,6,HIGH
click,src/click/shell_completion.py,python,681,59,46.18226047374769,47,47,30,0.0106190691369182,4426,13,HIGH
click,src/click/_compat.py,python,586,95,31.841797259385547,39,39,13,0.00881156800723,4426,6,HIGH
click,src/click/_termui_impl.py,python,945,87,19.293762469442417,62,62,28,0.0140081337550835,4426,14,HIGH
click,src/click/testing.py,python,772,26,40.86957620766553,46,46,22,0.0103931314957071,4426,9,HIGH
click,src/click/_utils.py,python,36,2,100.0,3,3,2,0.000677812923633,4426,1,MEDIUM
click,src/click/decorators.py,python,551,45,54.23803286868876,54,54,20,0.0122006326253953,4426,9,HIGH
axios,index.js,javascript,40,1,-1.0,11,11,8,0.0025492468134414,4315,7,HIGH
axios,webpack.config.js,javascript,23,3,-1.0,16,16,9,0.0037079953650057,4315,8,HIGH
axios,vitest.config.js,javascript,45,1,-1.0,2,2,1,0.0004634994206257,4315,2,MEDIUM
axios,rollup.config.js,javascript,122,13,-1.0,13,13,4,0.0030127462340672,4315,7,HIGH
axios,gulpfile.js,javascript,64,14,-1.0,9,9,4,0.0020857473928157,4315,4,HIGH
axios,eslint.config.js,javascript,58,1,-1.0,2,2,1,0.0004634994206257,4315,2,MEDIUM
axios,tests/smoke/esm/vitest.config.js,javascript,16,1,-1.0,1,1,1,0.0002317497103128,4315,1,MEDIUM
axios,tests/smoke/esm/tests/cancel.smoke.test.js,javascript,89,18,-1.0,1,1,1,0.0002317497103128,4315,1,MEDIUM
axios,tests/smoke/esm/tests/headers.smoke.test.js,javascript,101,16,-1.0,1,1,1,0.0002317497103128,4315,1,MEDIUM
axios,tests/smoke/esm/tests/fetch.smoke.test.js,javascript,121,27,-1.0,1,1,1,0.0002317497103128,4315,1,MEDIUM
axios,tests/smoke/esm/tests/progress.smoke.test.js,javascript,97,16,-1.0,1,1,1,0.0002317497103128,4315,1,MEDIUM
axios,tests/smoke/esm/tests/rateLimit.smoke.test.js,javascript,89,15,-1.0,1,1,1,0.0002317497103128,4315,1,MEDIUM
axios,tests/smoke/esm/tests/error.smoke.test.js,javascript,120,34,-1.0,1,1,1,0.0002317497103128,4315,1,MEDIUM
axios,tests/smoke/esm/tests/auth.smoke.test.js,javascript,108,24,-1.0,1,1,1,0.0002317497103128,4315,1,MEDIUM
axios,tests/smoke/esm/tests/import.smoke.test.js,javascript,29,9,-1.0,1,1,1,0.0002317497103128,4315,1,MEDIUM
axios,tests/smoke/esm/tests/files.smoke.test.js,javascript,93,24,-1.0,1,1,1,0.0002317497103128,4315,1,MEDIUM
axios,tests/smoke/esm/tests/instance.smoke.test.js,javascript,122,17,-1.0,1,1,1,0.0002317497103128,4315,1,MEDIUM
axios,tests/smoke/esm/tests/urlencode.smoke.test.js,javascript,124,17,-1.0,1,1,1,0.0002317497103128,4315,1,MEDIUM
axios,tests/smoke/esm/tests/basic.smoke.test.js,javascript,121,25,-1.0,1,1,1,0.0002317497103128,4315,1,MEDIUM
axios,tests/smoke/esm/tests/formData.smoke.test.js,javascript,91,23,-1.0,1,1,1,0.0002317497103128,4315,1,MEDIUM
axios,tests/smoke/esm/tests/http2.smoke.test.js,javascript,76,7,-1.0,1,1,1,0.0002317497103128,4315,1,MEDIUM
axios,tests/smoke/esm/tests/interceptors.smoke.test.js,javascript,120,26,-1.0,1,1,1,0.0002317497103128,4315,1,MEDIUM
axios,tests/smoke/esm/tests/timeout.smoke.test.js,javascript,96,24,-1.0,1,1,1,0.0002317497103128,4315,1,MEDIUM
axios,tests/unit/regression.test.js,javascript,220,34,-1.0,1,1,1,0.0002317497103128,4315,1,MEDIUM
axios,tests/unit/estimateDataURLDecodedBytes.test.js,javascript,34,8,-1.0,2,2,1,0.0004634994206257,4315,2,MEDIUM
axios,tests/unit/fromDataURI.test.js,javascript,65,18,-1.0,2,2,2,0.0004634994206257,4315,2,MEDIUM
axios,tests/unit/composeSignals.test.js,javascript,28,7,-1.0,1,1,1,0.0002317497103128,4315,1,MEDIUM
axios,tests/unit/api.test.js,javascript,193,28,-1.0,7,7,5,0.00162224797219,4315,7,HIGH
axios,tests/unit/axios.test.js,javascript,46,12,-1.0,1,1,1,0.0002317497103128,4315,1,MEDIUM
axios,tests/unit/prototypePollution.test.js,javascript,991,164,-1.0,8,8,3,0.0018539976825028,4315,8,HIGH
axios,tests/unit/parseProtocol.test.js,javascript,30,4,-1.0,2,2,2,0.0004634994206257,4315,2,MEDIUM
axios,tests/unit/transformResponse.test.js,javascript,98,13,-1.0,2,2,2,0.0004634994206257,4315,2,MEDIUM
axios,tests/unit/axiosHeaders.test.js,javascript,494,80,-1.0,6,6,3,0.0013904982618771,4315,6,HIGH
axios,tests/unit/query.test.js,javascript,242,29,-1.0,1,1,1,0.0002317497103128,4315,1,MEDIUM
axios,tests/unit/utils.test.js,javascript,175,42,-1.0,2,2,2,0.0004634994206257,4315,2,MEDIUM
axios,tests/unit/toFormData.test.js,javascript,231,47,-1.0,3,3,1,0.0006952491309385,4315,3,HIGH
axios,tests/unit/syntaxCompat.test.js,javascript,27,8,-1.0,1,1,1,0.0002317497103128,4315,1,MEDIUM
axios,tests/unit/platform.test.js,javascript,18,4,-1.0,1,1,1,0.0002317497103128,4315,1,MEDIUM
axios,tests/unit/cancel/isCancel.test.js,javascript,11,3,-1.0,1,1,1,0.0002317497103128,4315,1,MEDIUM
axios,tests/unit/cancel/canceledError.test.js,javascript,18,5,-1.0,1,1,1,0.0002317497103128,4315,1,MEDIUM
axios,tests/unit/core/transformData.test.js,javascript,40,9,-1.0,1,1,1,0.0002317497103128,4315,1,MEDIUM
axios,tests/unit/core/dispatchRequest.test.js,javascript,203,27,-1.0,3,3,3,0.0006952491309385,4315,3,HIGH
axios,tests/unit/core/buildFullPath.test.js,javascript,67,14,-1.0,2,2,1,0.0004634994206257,4315,2,MEDIUM
axios,tests/unit/core/AxiosError.test.js,javascript,280,37,-1.0,3,3,2,0.0006952491309385,4315,3,HIGH
axios,tests/unit/core/mergeConfig.test.js,javascript,300,50,-1.0,2,2,2,0.0004634994206257,4315,2,MEDIUM
axios,tests/unit/core/settle.test.js,javascript,110,27,-1.0,1,1,1,0.0002317497103128,4315,1,MEDIUM
axios,tests/unit/utils/kindOfTest.test.js,javascript,10,2,-1.0,1,1,1,0.0002317497103128,4315,1,MEDIUM
axios,tests/unit/utils/endsWith.test.js,javascript,10,2,-1.0,1,1,1,0.0002317497103128,4315,1,MEDIUM
axios,tests/unit/utils/toFlatObject.test.js,javascript,11,2,-1.0,1,1,1,0.0002317497103128,4315,1,MEDIUM
axios,tests/unit/utils/trim.test.js,javascript,10,3,-1.0,1,1,1,0.0002317497103128,4315,1,MEDIUM
axios,tests/unit/utils/toArray.test.js,javascript,11,2,-1.0,1,1,1,0.0002317497103128,4315,1,MEDIUM
axios,tests/unit/utils/kindOf.test.js,javascript,10,2,-1.0,1,1,1,0.0002317497103128,4315,1,MEDIUM
axios,tests/unit/utils/merge.test.js,javascript,136,16,-1.0,2,2,2,0.0004634994206257,4315,2,MEDIUM
axios,tests/unit/utils/extend.test.js,javascript,30,5,-1.0,1,1,1,0.0002317497103128,4315,1,MEDIUM
axios,tests/unit/utils/forEach.test.js,javascript,53,12,-1.0,1,1,1,0.0002317497103128,4315,1,MEDIUM
axios,tests/unit/utils/isX.test.js,javascript,130,26,-1.0,2,2,1,0.0004634994206257,4315,2,MEDIUM
axios,tests/unit/adapters/errorDetails.test.js,javascript,69,14,-1.0,1,1,1,0.0002317497103128,4315,1,MEDIUM
axios,tests/unit/adapters/fetch.test.js,javascript,1413,208,-1.0,16,16,9,0.0037079953650057,4315,16,HIGH
axios,tests/unit/adapters/http.test.js,javascript,5574,879,-1.0,39,39,14,0.0090382387022016,4315,36,HIGH
axios,tests/unit/adapters/adapters.test.js,javascript,38,13,-1.0,1,1,1,0.0002317497103128,4315,1,MEDIUM
axios,tests/unit/helpers/validator.test.js,javascript,63,7,-1.0,1,1,1,0.0002317497103128,4315,1,MEDIUM
axios,tests/unit/helpers/buildURL.test.js,javascript,163,27,-1.0,5,5,3,0.0011587485515643,4315,4,HIGH
axios,tests/unit/helpers/shouldBypassProxy.test.js,javascript,228,52,-1.0,6,6,2,0.0013904982618771,4315,5,HIGH
axios,tests/unit/helpers/Http2Sessions.test.js,javascript,139,21,-1.0,1,1,1,0.0002317497103128,4315,1,MEDIUM
axios,tests/unit/helpers/parseHeaders.test.js,javascript,37,4,-1.0,1,1,1,0.0002317497103128,4315,1,MEDIUM
axios,tests/unit/helpers/isAbsoluteURL.test.js,javascript,20,5,-1.0,1,1,1,0.0002317497103128,4315,1,MEDIUM
axios,tests/unit/helpers/spread.test.js,javascript,17,5,-1.0,1,1,1,0.0002317497103128,4315,1,MEDIUM
axios,tests/unit/helpers/progressEventReducer.test.js,javascript,41,5,-1.0,2,2,2,0.0004634994206257,4315,1,MEDIUM
axios,tests/unit/helpers/isAxiosError.test.js,javascript,17,5,-1.0,1,1,1,0.0002317497103128,4315,1,MEDIUM
axios,tests/unit/helpers/formDataToJSON.test.js,javascript,126,15,-1.0,4,4,2,0.0009269988412514,4315,4,HIGH
axios,tests/unit/helpers/combineURLs.test.js,javascript,19,6,-1.0,1,1,1,0.0002317497103128,4315,1,MEDIUM
axios,tests/unit/helpers/bind.test.js,javascript,11,3,-1.0,1,1,1,0.0002317497103128,4315,1,MEDIUM
axios,tests/unit/helpers/formDataToStream.test.js,javascript,124,19,-1.0,2,2,1,0.0004634994206257,4315,2,MEDIUM
axios,tests/unit/helpers/resolveConfig.test.js,javascript,81,8,-1.0,2,2,2,0.0004634994206257,4315,2,MEDIUM
axios,tests/module/esm/vitest.config.js,javascript,16,1,-1.0,1,1,1,0.0002317497103128,4315,1,MEDIUM
axios,tests/module/esm/tests/typings.module.test.js,javascript,27,2,-1.0,4,4,2,0.0009269988412514,4315,4,HIGH
axios,tests/module/esm/tests/ts.module.test.js,javascript,32,2,-1.0,4,4,2,0.0009269988412514,4315,4,HIGH
axios,tests/module/esm/tests/fixture-cleanup.module.test.js,javascript,21,2,-1.0,1,1,1,0.0002317497103128,4315,1,MEDIUM
axios,tests/module/esm/tests/helpers/fixture.js,javascript,15,3,-1.0,3,3,2,0.0006952491309385,4315,3,HIGH
axios,tests/module/esm/tests/helpers/run-command.js,javascript,29,8,-1.0,1,1,1,0.0002317497103128,4315,1,MEDIUM
axios,tests/setup/server.js,javascript,210,62,-1.0,6,6,1,0.0013904982618771,4315,6,HIGH
axios,tests/setup/browser.setup.js,javascript,4,1,-1.0,1,1,1,0.0002317497103128,4315,1,MEDIUM
axios,tests/browser/defaults.browser.test.js,javascript,216,33,-1.0,1,1,1,0.0002317497103128,4315,1,MEDIUM
axios,tests/browser/promise.browser.test.js,javascript,98,20,-1.0,1,1,1,0.0002317497103128,4315,1,MEDIUM
axios,tests/browser/options.browser.test.js,javascript,168,27,-1.0,1,1,1,0.0002317497103128,4315,1,MEDIUM
axios,tests/browser/adapter.browser.test.js,javascript,157,34,-1.0,3,3,1,0.0006952491309385,4315,3,HIGH
axios,tests/browser/progress.browser.test.js,javascript,189,32,-1.0,1,1,1,0.0002317497103128,4315,1,MEDIUM
axios,tests/browser/cookies.browser.test.js,javascript,66,14,-1.0,2,2,1,0.0004634994206257,4315,2,MEDIUM
axios,tests/browser/headers.browser.test.js,javascript,209,37,-1.0,2,2,2,0.0004634994206257,4315,2,MEDIUM
axios,tests/browser/settle.browser.test.js,javascript,82,9,-1.0,1,1,1,0.0002317497103128,4315,1,MEDIUM
axios,tests/browser/basicAuth.browser.test.js,javascript,129,22,-1.0,2,2,1,0.0004634994206257,4315,2,MEDIUM
axios,tests/browser/requests.browser.test.js,javascript,428,76,-1.0,3,3,2,0.0006952491309385,4315,3,HIGH
axios,tests/browser/transform.browser.test.js,javascript,214,31,-1.0,1,1,1,0.0002317497103128,4315,1,MEDIUM
axios,tests/browser/toFormData.browser.test.js,javascript,96,10,-1.0,1,1,1,0.0002317497103128,4315,1,MEDIUM
axios,tests/browser/cancelToken.browser.test.js,javascript,70,24,-1.0,1,1,1,0.0002317497103128,4315,1,MEDIUM
axios,tests/browser/formdata.browser.test.js,javascript,85,17,-1.0,1,1,1,0.0002317497103128,4315,1,MEDIUM
axios,tests/browser/cancel.browser.test.js,javascript,175,50,-1.0,2,2,2,0.0004634994206257,4315,2,MEDIUM
axios,tests/browser/interceptors.browser.test.js,javascript,599,128,-1.0,1,1,1,0.0002317497103128,4315,1,MEDIUM
axios,tests/browser/xsrf.browser.test.js,javascript,176,35,-1.0,3,3,1,0.0006952491309385,4315,3,HIGH
axios,tests/browser/isURLSameOrigin.browser.test.js,javascript,10,3,-1.0,1,1,1,0.0002317497103128,4315,1,MEDIUM
axios,tests/browser/instance.browser.test.js,javascript,206,33,-1.0,1,1,1,0.0002317497103128,4315,1,MEDIUM
axios,docs/scripts/process-sponsors.js,javascript,238,61,-1.0,3,3,1,0.0006952491309385,4315,3,HIGH
axios,docs/scripts/utils.js,javascript,10,3,-1.0,1,1,1,0.0002317497103128,4315,1,MEDIUM
axios,sandbox/client.js,javascript,14,2,-1.0,4,4,4,0.0009269988412514,4315,3,HIGH
axios,sandbox/server.js,javascript,79,16,-1.0,9,9,9,0.0020857473928157,4315,4,HIGH
axios,examples/network_enhanced.js,javascript,51,16,-1.0,2,2,2,0.0004634994206257,4315,2,MEDIUM
axios,examples/server.js,javascript,158,36,-1.0,11,11,9,0.0025492468134414,4315,6,HIGH
axios,examples/post/server.js,javascript,14,3,-1.0,5,5,5,0.0011587485515643,4315,3,HIGH
axios,examples/abort-controller/server.js,javascript,22,4,-1.0,3,3,3,0.0006952491309385,4315,2,MEDIUM
axios,examples/get/server.js,javascript,33,1,-1.0,4,4,4,0.0009269988412514,4315,2,MEDIUM
axios,examples/postMultipartFormData/server.js,javascript,10,3,-1.0,4,4,4,0.0009269988412514,4315,3,HIGH
axios,examples/upload/server.js,javascript,11,3,-1.0,3,3,3,0.0006952491309385,4315,2,MEDIUM
axios,scripts/axios-build-instance.js,javascript,23,1,-1.0,2,2,2,0.0004634994206257,4315,2,MEDIUM
axios,lib/axios.js,javascript,49,5,-1.0,84,84,22,0.0194669756662804,4315,25,HIGH
axios,lib/utils.js,javascript,505,182,-1.0,88,88,44,0.0203939745075318,4315,46,HIGH
axios,lib/cancel/CancelToken.js,javascript,85,24,-1.0,9,9,4,0.0020857473928157,4315,5,HIGH
axios,lib/cancel/isCancel.js,javascript,4,2,-1.0,2,2,2,0.0004634994206257,4315,1,MEDIUM
axios,lib/cancel/CanceledError.js,javascript,10,2,-1.0,5,5,4,0.0011587485515643,4315,2,MEDIUM
axios,lib/core/settle.js,javascript,16,6,-1.0,11,11,8,0.0025492468134414,4315,4,HIGH
axios,lib/core/AxiosError.js,javascript,122,36,-1.0,16,16,8,0.0037079953650057,4315,12,HIGH
axios,lib/core/Axios.js,javascript,210,35,-1.0,55,55,30,0.0127462340672074,4315,37,HIGH
axios,lib/core/InterceptorManager.js,javascript,34,11,-1.0,12,12,8,0.0027809965237543,4315,5,HIGH
axios,lib/core/dispatchRequest.js,javascript,56,12,-1.0,41,41,19,0.0095017381228273,4315,21,HIGH
axios,lib/core/buildFullPath.js,javascript,34,11,-1.0,7,7,6,0.00162224797219,4315,6,HIGH
axios,lib/core/transformData.js,javascript,15,5,-1.0,7,7,5,0.00162224797219,4315,3,HIGH
axios,lib/core/AxiosHeaders.js,javascript,340,11,-1.0,23,23,7,0.0053302433371958,4315,21,HIGH
axios,lib/core/mergeConfig.js,javascript,121,38,-1.0,34,34,17,0.0078794901506373,4315,20,HIGH
axios,lib/platform/index.js,javascript,6,1,-1.0,4,4,2,0.0009269988412514,4315,4,HIGH
axios,lib/platform/browser/index.js,javascript,12,1,-1.0,10,10,4,0.0023174971031286,4315,8,HIGH
axios,lib/platform/browser/classes/URLSearchParams.js,javascript,3,1,-1.0,4,4,1,0.0009269988412514,4315,2,MEDIUM
axios,lib/platform/browser/classes/Blob.js,javascript,2,1,-1.0,2,2,2,0.0004634994206257,4315,2,MEDIUM
axios,lib/platform/browser/classes/FormData.js,javascript,2,1,-1.0,3,3,1,0.0006952491309385,4315,2,MEDIUM
axios,lib/platform/common/utils.js,javascript,20,3,-1.0,4,4,2,0.0009269988412514,4315,3,HIGH
axios,lib/platform/node/index.js,javascript,31,2,-1.0,5,5,2,0.0011587485515643,4315,4,HIGH
axios,lib/platform/node/classes/URLSearchParams.js,javascript,3,1,-1.0,2,2,1,0.0004634994206257,4315,2,MEDIUM
axios,lib/platform/node/classes/FormData.js,javascript,2,1,-1.0,2,2,1,0.0004634994206257,4315,1,MEDIUM
axios,lib/env/data.js,javascript,1,1,-1.0,87,87,4,0.020162224797219,4315,4,HIGH
axios,lib/env/classes/FormData.js,javascript,2,1,-1.0,3,3,1,0.0006952491309385,4315,1,MEDIUM
axios,lib/adapters/fetch.js,javascript,487,182,-1.0,34,34,16,0.0078794901506373,4315,33,HIGH
axios,lib/adapters/adapters.js,javascript,67,19,-1.0,7,7,3,0.00162224797219,4315,4,HIGH
axios,lib/adapters/xhr.js,javascript,166,54,-1.0,134,134,62,0.0310544611819235,4315,59,HIGH
axios,lib/adapters/http.js,javascript,1016,295,-1.0,203,203,107,0.047045191193511,4315,121,HIGH
axios,lib/defaults/transitional.js,javascript,9,1,-1.0,6,6,4,0.0013904982618771,4315,5,HIGH
axios,lib/defaults/index.js,javascript,133,12,-1.0,22,22,6,0.0050984936268829,4315,12,HIGH
axios,lib/helpers/combineURLs.js,javascript,6,2,-1.0,5,5,5,0.0011587485515643,4315,3,HIGH
axios,lib/helpers/parseProtocol.js,javascript,5,5,-1.0,4,4,3,0.0009269988412514,4315,4,HIGH
axios,lib/helpers/fromDataURI.js,javascript,38,12,-1.0,6,6,3,0.0013904982618771,4315,4,HIGH
axios,lib/helpers/deprecatedMethod.js,javascript,16,4,-1.0,8,8,3,0.0018539976825028,4315,2,MEDIUM
axios,lib/helpers/buildURL.js,javascript,38,10,-1.0,24,24,17,0.0055619930475086,4315,16,HIGH
axios,lib/helpers/AxiosTransformStream.js,javascript,128,26,-1.0,4,4,2,0.0009269988412514,4315,3,HIGH
axios,lib/helpers/null.js,javascript,1,1,-1.0,2,2,1,0.0004634994206257,4315,2,MEDIUM
axios,lib/helpers/Http2Sessions.js,javascript,88,21,-1.0,1,1,1,0.0002317497103128,4315,1,MEDIUM
axios,lib/helpers/isURLSameOrigin.js,javascript,14,5,-1.0,14,14,8,0.00324449594438,4315,10,HIGH
axios,lib/helpers/isAbsoluteURL.js,javascript,7,3,-1.0,8,8,7,0.0018539976825028,4315,4,HIGH
axios,lib/helpers/AxiosURLSearchParams.js,javascript,52,1,-1.0,5,5,2,0.0011587485515643,4315,3,HIGH
axios,lib/helpers/callbackify.js,javascript,16,6,-1.0,2,2,2,0.0004634994206257,4315,1,MEDIUM
axios,lib/helpers/isAxiosError.js,javascript,5,2,-1.0,6,6,5,0.0013904982618771,4315,2,MEDIUM
axios,lib/helpers/toFormData.js,javascript,160,71,-1.0,22,22,8,0.0050984936268829,4315,14,HIGH
axios,lib/helpers/cookies.js,javascript,49,13,-1.0,15,15,6,0.0034762456546929,4315,6,HIGH
axios,lib/helpers/estimateDataURLDecodedBytes.js,javascript,79,42,-1.0,4,4,2,0.0009269988412514,4315,4,HIGH
axios,lib/helpers/trackStream.js,javascript,78,19,-1.0,5,5,2,0.0011587485515643,4315,4,HIGH
axios,lib/helpers/validator.js,javascript,76,23,-1.0,9,9,3,0.0020857473928157,4315,6,HIGH
axios,lib/helpers/composeSignals.js,javascript,45,18,-1.0,5,5,4,0.0011587485515643,4315,2,MEDIUM
axios,lib/helpers/ZlibHeaderTransformStream.js,javascript,21,4,-1.0,2,2,2,0.0004634994206257,4315,2,MEDIUM
axios,lib/helpers/HttpStatusCode.js,javascript,75,1,-1.0,2,2,2,0.0004634994206257,4315,1,MEDIUM
axios,lib/helpers/formDataToStream.js,javascript,100,1,-1.0,9,9,6,0.0020857473928157,4315,7,HIGH
axios,lib/helpers/throttle.js,javascript,33,9,-1.0,5,5,3,0.0011587485515643,4315,3,HIGH
axios,lib/helpers/formDataToJSON.js,javascript,72,23,-1.0,8,8,3,0.0018539976825028,4315,6,HIGH
axios,lib/helpers/speedometer.js,javascript,35,10,-1.0,3,3,3,0.0006952491309385,4315,3,HIGH
axios,lib/helpers/sanitizeHeaderValue.js,javascript,40,16,-1.0,1,1,1,0.0002317497103128,4315,1,MEDIUM
axios,lib/helpers/bind.js,javascript,6,2,-1.0,4,4,4,0.0009269988412514,4315,1,MEDIUM
axios,lib/helpers/progressEventReducer.js,javascript,46,15,-1.0,5,5,4,0.0011587485515643,4315,4,HIGH
axios,lib/helpers/readBlob.js,javascript,13,4,-1.0,3,3,2,0.0006952491309385,4315,1,MEDIUM
axios,lib/helpers/spread.js,javascript,6,2,-1.0,8,8,5,0.0018539976825028,4315,2,MEDIUM
axios,lib/helpers/toURLEncodedForm.js,javascript,16,4,-1.0,5,5,3,0.0011587485515643,4315,3,HIGH
axios,lib/helpers/resolveConfig.js,javascript,77,26,-1.0,12,12,8,0.0027809965237543,4315,11,HIGH
axios,lib/helpers/shouldBypassProxy.js,javascript,146,53,-1.0,5,5,1,0.0011587485515643,4315,5,HIGH
axios,lib/helpers/parseHeaders.js,javascript,46,9,-1.0,12,12,8,0.0027809965237543,4315,4,HIGH
axios,index.d.ts,typescript,631,24,-1.0,167,167,104,0.0387022016222479,4315,97,HIGH
axios,tests/smoke/deno/tests/error.smoke.test.ts,typescript,43,10,-1.0,1,1,1,0.0002317497103128,4315,0,LOW
axios,tests/smoke/deno/tests/cancel.smoke.test.ts,typescript,65,15,-1.0,1,1,1,0.0002317497103128,4315,0,LOW
axios,tests/smoke/deno/tests/headers.smoke.test.ts,typescript,68,10,-1.0,1,1,1,0.0002317497103128,4315,0,LOW
axios,tests/smoke/deno/tests/fetch.smoke.test.ts,typescript,103,18,-1.0,1,1,1,0.0002317497103128,4315,0,LOW
axios,tests/smoke/deno/tests/import.smoke.test.ts,typescript,15,3,-1.0,1,1,1,0.0002317497103128,4315,0,LOW
axios,tests/smoke/bun/tests/http.smoke.test.ts,typescript,86,23,-1.0,1,1,1,0.0002317497103128,4315,0,LOW
axios,tests/smoke/bun/tests/interceptors.smoke.test.ts,typescript,52,11,-1.0,1,1,1,0.0002317497103128,4315,0,LOW
axios,tests/smoke/bun/tests/timeout.smoke.test.ts,typescript,43,13,-1.0,2,2,2,0.0004634994206257,4315,1,MEDIUM
axios,tests/smoke/bun/tests/formData.smoke.test.ts,typescript,92,27,-1.0,1,1,1,0.0002317497103128,4315,0,LOW
axios,tests/smoke/bun/tests/error.smoke.test.ts,typescript,28,7,-1.0,1,1,1,0.0002317497103128,4315,0,LOW
axios,tests/smoke/bun/tests/cancel.smoke.test.ts,typescript,67,16,-1.0,1,1,1,0.0002317497103128,4315,0,LOW
axios,tests/smoke/bun/tests/headers.smoke.test.ts,typescript,50,9,-1.0,1,1,1,0.0002317497103128,4315,0,LOW
axios,tests/smoke/bun/tests/fetch.smoke.test.ts,typescript,104,18,-1.0,1,1,1,0.0002317497103128,4315,0,LOW
axios,tests/smoke/bun/tests/progress.smoke.test.ts,typescript,39,7,-1.0,1,1,1,0.0002317497103128,4315,0,LOW
axios,tests/smoke/bun/tests/import.smoke.test.ts,typescript,16,7,-1.0,1,1,1,0.0002317497103128,4315,0,LOW
axios,tests/module/esm/tests/helpers/esm-index.ts,typescript,524,5,-1.0,2,2,2,0.0004634994206257,4315,2,MEDIUM
axios,tests/module/esm/tests/helpers/esm-functions.ts,typescript,31,1,-1.0,1,1,1,0.0002317497103128,4315,1,MEDIUM
axios,tests/module/cjs/tests/helpers/cjs-is-cancel-typing.ts,typescript,8,1,-1.0,1,1,1,0.0002317497103128,4315,1,MEDIUM
axios,tests/module/cjs/tests/helpers/cjs-typing.ts,typescript,398,5,-1.0,2,2,2,0.0004634994206257,4315,2,MEDIUM
axios,tests/module/cjs/tests/helpers/ts-require-default.ts,typescript,32,1,-1.0,1,1,1,0.0002317497103128,4315,1,MEDIUM
axios,tests/module/cjs/tests/helpers/ts-require.ts,typescript,32,1,-1.0,1,1,1,0.0002317497103128,4315,1,MEDIUM
axios,docs/.vitepress/theme/index.ts,typescript,13,2,-1.0,1,1,1,0.0002317497103128,4315,1,MEDIUM
redux,website/sidebars.js,javascript,160,1,-1.0,36,36,6,0.0089307864053584,4031,2,MEDIUM
redux,website/src/js/monokaiTheme.js,javascript,62,1,-1.0,2,2,2,0.0004961548002976,4031,0,LOW
redux,website/src/pages/index.js,javascript,218,8,-1.0,5,5,4,0.0012403870007442,4031,0,LOW
redux,website/src/pages/errors.js,javascript,57,3,-1.0,6,6,2,0.001488464400893,4031,2,MEDIUM
redux,docs/components/DetailedExplanation.jsx,javascript,14,1,-1.0,1,1,1,0.0002480774001488,4031,1,MEDIUM
redux,examples/testAll.js,javascript,34,1,-1.0,14,14,8,0.0034730836020838,4031,4,HIGH
redux,examples/universal/index.js,javascript,1,1,-1.0,4,4,2,0.0009923096005953,4031,2,MEDIUM
redux,examples/universal/webpack.config.js,javascript,26,1,-1.0,21,21,9,0.0052096254031257,4031,4,HIGH
redux,examples/universal/server/server.js,javascript,64,7,-1.0,12,12,9,0.0029769288017861,4031,3,HIGH
redux,examples/universal/server/index.js,javascript,2,1,-1.0,6,6,4,0.001488464400893,4031,3,HIGH
redux,examples/universal/common/components/Counter.js,javascript,24,2,-1.0,6,6,5,0.001488464400893,4031,2,MEDIUM
redux,examples/universal/common/actions/index.js,javascript,27,8,-1.0,3,3,3,0.0007442322004465,4031,0,LOW
redux,examples/universal/common/api/counter.js,javascript,6,3,-1.0,4,4,4,0.0009923096005953,4031,2,MEDIUM
redux,examples/universal/common/containers/App.js,javascript,11,2,-1.0,7,7,7,0.0017365418010419,4031,3,HIGH
redux,examples/universal/common/reducers/index.js,javascript,6,1,-1.0,2,2,2,0.0004961548002976,4031,2,MEDIUM
redux,examples/universal/common/reducers/counter.js,javascript,14,4,-1.0,4,4,4,0.0009923096005953,4031,2,MEDIUM
redux,examples/universal/common/store/configureStore.js,javascript,13,3,-1.0,9,9,8,0.0022326966013396,4031,5,HIGH
redux,examples/universal/client/index.js,javascript,15,1,-1.0,7,7,7,0.0017365418010419,4031,3,HIGH
redux,examples/async/src/index.js,javascript,19,1,-1.0,4,4,4,0.0009923096005953,4031,2,MEDIUM
redux,examples/async/src/components/Posts.js,javascript,13,2,-1.0,5,5,4,0.0012403870007442,4031,1,MEDIUM
redux,examples/async/src/components/Picker.js,javascript,20,2,-1.0,5,5,4,0.0012403870007442,4031,1,MEDIUM
redux,examples/async/src/actions/index.js,javascript,43,13,-1.0,3,3,3,0.0007442322004465,4031,1,MEDIUM
redux,examples/async/src/containers/App.js,javascript,90,11,-1.0,8,8,7,0.0019846192011907,4031,3,HIGH
redux,examples/async/src/reducers/index.js,javascript,65,4,-1.0,4,4,4,0.0009923096005953,4031,1,MEDIUM
redux,examples/real-world/src/index.js,javascript,12,1,-1.0,2,2,2,0.0004961548002976,4031,1,MEDIUM
redux,examples/real-world/src/middleware/api.js,javascript,99,17,-1.0,9,9,8,0.0022326966013396,4031,2,MEDIUM
redux,examples/real-world/src/components/User.js,javascript,24,2,-1.0,5,5,4,0.0012403870007442,4031,1,MEDIUM
redux,examples/real-world/src/components/List.js,javascript,61,9,-1.0,6,6,5,0.001488464400893,4031,1,MEDIUM
redux,examples/real-world/src/components/Explore.js,javascript,50,8,-1.0,10,10,9,0.0024807740014884,4031,4,HIGH
redux,examples/real-world/src/components/Repo.js,javascript,27,2,-1.0,5,5,5,0.0012403870007442,4031,1,MEDIUM
redux,examples/real-world/src/actions/index.js,javascript,81,21,-1.0,3,3,3,0.0007442322004465,4031,1,MEDIUM
redux,examples/real-world/src/containers/Root.dev.js,javascript,22,1,-1.0,6,6,5,0.001488464400893,4031,1,MEDIUM
redux,examples/real-world/src/containers/Root.prod.js,javascript,20,1,-1.0,9,9,8,0.0022326966013396,4031,2,MEDIUM
redux,examples/real-world/src/containers/RepoPage.js,javascript,88,12,-1.0,10,10,9,0.0024807740014884,4031,3,HIGH
redux,examples/real-world/src/containers/UserPage.js,javascript,88,12,-1.0,9,9,8,0.0022326966013396,4031,3,HIGH
redux,examples/real-world/src/containers/Root.js,javascript,5,1,-1.0,1,1,1,0.0002480774001488,4031,1,MEDIUM
redux,examples/real-world/src/containers/DevTools.js,javascript,9,1,-1.0,2,2,2,0.0004961548002976,4031,1,MEDIUM
redux,examples/real-world/src/containers/App.js,javascript,53,6,-1.0,8,8,7,0.0019846192011907,4031,2,MEDIUM
redux,examples/real-world/src/reducers/paginate.js,javascript,63,6,-1.0,5,5,4,0.0012403870007442,4031,2,MEDIUM
redux,examples/real-world/src/reducers/index.js,javascript,43,8,-1.0,5,5,5,0.0012403870007442,4031,1,MEDIUM
redux,examples/real-world/src/store/configureStore.prod.js,javascript,7,1,-1.0,5,5,5,0.0012403870007442,4031,2,MEDIUM
redux,examples/real-world/src/store/configureStore.dev.js,javascript,20,3,-1.0,7,7,7,0.0017365418010419,4031,2,MEDIUM
redux,examples/real-world/src/store/configureStore.js,javascript,5,1,-1.0,1,1,1,0.0002480774001488,4031,1,MEDIUM
redux,examples/shopping-cart/src/index.js,javascript,21,1,-1.0,4,4,4,0.0009923096005953,4031,2,MEDIUM
redux,examples/shopping-cart/src/setupTests.js,javascript,3,1,-1.0,1,1,1,0.0002480774001488,4031,0,LOW
redux,examples/shopping-cart/src/constants/ActionTypes.js,javascript,5,1,-1.0,1,1,1,0.0002480774001488,4031,1,MEDIUM
redux,examples/shopping-cart/src/components/ProductItem.spec.js,javascript,60,10,-1.0,5,5,5,0.0012403870007442,4031,3,HIGH
redux,examples/shopping-cart/src/components/ProductsList.spec.js,javascript,26,3,-1.0,3,3,3,0.0007442322004465,4031,1,MEDIUM
redux,examples/shopping-cart/src/components/Cart.js,javascript,37,4,-1.0,5,5,4,0.0012403870007442,4031,1,MEDIUM
redux,examples/shopping-cart/src/components/Product.spec.js,javascript,25,5,-1.0,6,6,5,0.001488464400893,4031,3,HIGH
redux,examples/shopping-cart/src/components/ProductItem.js,javascript,27,3,-1.0,7,7,6,0.0017365418010419,4031,3,HIGH
redux,examples/shopping-cart/src/components/ProductsList.js,javascript,13,1,-1.0,4,4,3,0.0009923096005953,4031,1,MEDIUM
redux,examples/shopping-cart/src/components/Cart.spec.js,javascript,62,8,-1.0,2,2,2,0.0004961548002976,4031,1,MEDIUM
redux,examples/shopping-cart/src/components/Product.js,javascript,14,2,-1.0,8,8,6,0.0019846192011907,4031,4,HIGH
redux,examples/shopping-cart/src/actions/index.js,javascript,32,8,-1.0,5,5,3,0.0012403870007442,4031,1,MEDIUM
redux,examples/shopping-cart/src/api/shop.js,javascript,8,4,-1.0,3,3,3,0.0007442322004465,4031,1,MEDIUM
redux,examples/shopping-cart/src/containers/CartContainer.js,javascript,30,2,-1.0,5,5,4,0.0012403870007442,4031,1,MEDIUM
redux,examples/shopping-cart/src/containers/ProductsContainer.js,javascript,33,3,-1.0,5,5,4,0.0012403870007442,4031,1,MEDIUM
redux,examples/shopping-cart/src/containers/App.js,javascript,13,1,-1.0,4,4,3,0.0009923096005953,4031,1,MEDIUM
redux,examples/shopping-cart/src/reducers/products.js,javascript,49,9,-1.0,4,4,3,0.0009923096005953,4031,1,MEDIUM
redux,examples/shopping-cart/src/reducers/cart.js,javascript,46,8,-1.0,3,3,3,0.0007442322004465,4031,1,MEDIUM
redux,examples/shopping-cart/src/reducers/index.js,javascript,23,7,-1.0,4,4,3,0.0009923096005953,4031,1,MEDIUM
redux,examples/shopping-cart/src/reducers/index.spec.js,javascript,81,5,-1.0,2,2,2,0.0004961548002976,4031,1,MEDIUM
redux,examples/shopping-cart/src/reducers/products.spec.js,javascript,76,10,-1.0,3,3,3,0.0007442322004465,4031,1,MEDIUM
redux,examples/shopping-cart/src/reducers/cart.spec.js,javascript,40,8,-1.0,2,2,2,0.0004961548002976,4031,1,MEDIUM
redux,examples/todomvc/src/index.js,javascript,14,1,-1.0,2,2,2,0.0004961548002976,4031,1,MEDIUM
redux,examples/todomvc/src/constants/ActionTypes.js,javascript,7,1,-1.0,2,2,2,0.0004961548002976,4031,1,MEDIUM
redux,examples/todomvc/src/constants/TodoFilters.js,javascript,3,1,-1.0,1,1,1,0.0002480774001488,4031,1,MEDIUM
redux,examples/todomvc/src/components/TodoTextInput.spec.js,javascript,68,11,-1.0,4,4,4,0.0009923096005953,4031,1,MEDIUM
redux,examples/todomvc/src/components/TodoList.js,javascript,21,2,-1.0,2,2,2,0.0004961548002976,4031,0,LOW
redux,examples/todomvc/src/components/TodoTextInput.js,javascript,49,7,-1.0,6,6,5,0.001488464400893,4031,1,MEDIUM
redux,examples/todomvc/src/components/Footer.spec.js,javascript,85,14,-1.0,5,5,5,0.0012403870007442,4031,1,MEDIUM
redux,examples/todomvc/src/components/TodoList.spec.js,javascript,52,6,-1.0,2,2,2,0.0004961548002976,4031,0,LOW
redux,examples/todomvc/src/components/Link.js,javascript,18,1,-1.0,4,4,3,0.0009923096005953,4031,2,MEDIUM
redux,examples/todomvc/src/components/Header.js,javascript,21,3,-1.0,7,7,6,0.0017365418010419,4031,1,MEDIUM
redux,examples/todomvc/src/components/Link.spec.js,javascript,39,6,-1.0,2,2,2,0.0004961548002976,4031,0,LOW
redux,examples/todomvc/src/components/MainSection.spec.js,javascript,96,16,-1.0,7,7,7,0.0017365418010419,4031,3,HIGH
redux,examples/todomvc/src/components/App.spec.js,javascript,27,6,-1.0,2,2,2,0.0004961548002976,4031,1,MEDIUM
redux,examples/todomvc/src/components/App.js,javascript,10,1,-1.0,1,1,1,0.0002480774001488,4031,0,LOW
redux,examples/todomvc/src/components/MainSection.js,javascript,33,3,-1.0,9,9,8,0.0022326966013396,4031,2,MEDIUM
redux,examples/todomvc/src/components/TodoItem.spec.js,javascript,94,12,-1.0,4,4,4,0.0009923096005953,4031,1,MEDIUM
redux,examples/todomvc/src/components/Footer.js,javascript,38,4,-1.0,6,6,5,0.001488464400893,4031,1,MEDIUM
redux,examples/todomvc/src/components/TodoItem.js,javascript,62,6,-1.0,5,5,4,0.0012403870007442,4031,1,MEDIUM
redux,examples/todomvc/src/components/Header.spec.js,javascript,40,5,-1.0,5,5,5,0.0012403870007442,4031,1,MEDIUM
redux,examples/todomvc/src/actions/index.js,javascript,11,7,-1.0,5,5,4,0.0012403870007442,4031,1,MEDIUM
redux,examples/todomvc/src/actions/index.spec.js,javascript,39,7,-1.0,2,2,2,0.0004961548002976,4031,1,MEDIUM
redux,examples/todomvc/src/containers/VisibleTodoList.js,javascript,13,2,-1.0,2,2,2,0.0004961548002976,4031,0,LOW
redux,examples/todomvc/src/containers/Header.js,javascript,4,1,-1.0,2,2,2,0.0004961548002976,4031,0,LOW
redux,examples/todomvc/src/containers/FilterLink.js,javascript,12,3,-1.0,2,2,2,0.0004961548002976,4031,0,LOW
redux,examples/todomvc/src/containers/MainSection.js,javascript,13,2,-1.0,2,2,2,0.0004961548002976,4031,0,LOW
redux,examples/todomvc/src/reducers/visibilityFilter.js,javascript,11,2,-1.0,2,2,2,0.0004961548002976,4031,0,LOW
redux,examples/todomvc/src/reducers/todos.js,javascript,48,12,-1.0,4,4,4,0.0009923096005953,4031,1,MEDIUM
redux,examples/todomvc/src/reducers/index.js,javascript,8,1,-1.0,2,2,2,0.0004961548002976,4031,1,MEDIUM
redux,examples/todomvc/src/reducers/todos.spec.js,javascript,312,9,-1.0,4,4,4,0.0009923096005953,4031,1,MEDIUM
redux,examples/todomvc/src/selectors/index.js,javascript,22,9,-1.0,2,2,2,0.0004961548002976,4031,0,LOW
redux,examples/todos-with-undo/src/index.js,javascript,13,1,-1.0,1,1,1,0.0002480774001488,4031,1,MEDIUM
redux,examples/todos-with-undo/src/components/TodoList.js,javascript,21,2,-1.0,3,3,3,0.0007442322004465,4031,1,MEDIUM
redux,examples/todos-with-undo/src/components/Link.js,javascript,24,3,-1.0,6,6,5,0.001488464400893,4031,4,HIGH
redux,examples/todos-with-undo/src/components/Todo.js,javascript,18,2,-1.0,2,2,2,0.0004961548002976,4031,1,MEDIUM
redux,examples/todos-with-undo/src/components/App.js,javascript,14,1,-1.0,1,1,1,0.0002480774001488,4031,1,MEDIUM
redux,examples/todos-with-undo/src/components/Footer.js,javascript,12,1,-1.0,2,2,2,0.0004961548002976,4031,1,MEDIUM
redux,examples/todos-with-undo/src/actions/index.js,javascript,14,3,-1.0,3,3,3,0.0007442322004465,4031,1,MEDIUM
redux,examples/todos-with-undo/src/containers/VisibleTodoList.js,javascript,23,5,-1.0,3,3,3,0.0007442322004465,4031,1,MEDIUM
redux,examples/todos-with-undo/src/containers/AddTodo.js,javascript,29,4,-1.0,2,2,2,0.0004961548002976,4031,1,MEDIUM
redux,examples/todos-with-undo/src/containers/FilterLink.js,javascript,13,3,-1.0,3,3,3,0.0007442322004465,4031,1,MEDIUM
redux,examples/todos-with-undo/src/containers/UndoRedo.js,javascript,23,2,-1.0,3,3,3,0.0007442322004465,4031,1,MEDIUM
redux,examples/todos-with-undo/src/reducers/visibilityFilter.js,javascript,9,2,-1.0,1,1,1,0.0002480774001488,4031,1,MEDIUM
redux,examples/todos-with-undo/src/reducers/todos.js,javascript,33,3,-1.0,6,6,5,0.001488464400893,4031,3,HIGH
redux,examples/todos-with-undo/src/reducers/index.js,javascript,8,1,-1.0,1,1,1,0.0002480774001488,4031,1,MEDIUM
redux,examples/tree-view/src/generateTree.js,javascript,19,2,-1.0,1,1,1,0.0002480774001488,4031,1,MEDIUM
redux,examples/tree-view/src/index.js,javascript,15,1,-1.0,1,1,1,0.0002480774001488,4031,1,MEDIUM
redux,examples/tree-view/src/setupTests.js,javascript,3,1,-1.0,1,1,1,0.0002480774001488,4031,0,LOW
redux,examples/tree-view/src/actions/index.js,javascript,28,5,-1.0,3,3,3,0.0007442322004465,4031,1,MEDIUM
redux,examples/tree-view/src/containers/Node.spec.js,javascript,80,15,-1.0,2,2,2,0.0004961548002976,4031,1,MEDIUM
redux,examples/tree-view/src/containers/Node.js,javascript,64,7,-1.0,7,7,5,0.0017365418010419,4031,4,HIGH
redux,examples/tree-view/src/reducers/index.js,javascript,64,12,-1.0,3,3,3,0.0007442322004465,4031,1,MEDIUM
redux,examples/tree-view/src/reducers/index.spec.js,javascript,153,7,-1.0,2,2,2,0.0004961548002976,4031,1,MEDIUM
redux,examples/counter/src/reportWebVitals.js,javascript,12,4,-1.0,2,2,2,0.0004961548002976,4031,0,LOW
redux,examples/counter/src/index.js,javascript,17,1,-1.0,4,4,4,0.0009923096005953,4031,1,MEDIUM
redux,examples/counter/src/App.test.js,javascript,13,1,-1.0,3,3,3,0.0007442322004465,4031,1,MEDIUM
redux,examples/counter/src/setupTests.js,javascript,1,1,-1.0,3,3,3,0.0007442322004465,4031,1,MEDIUM
redux,examples/counter/src/App.js,javascript,59,1,-1.0,2,2,1,0.0004961548002976,4031,0,LOW
redux,examples/counter/src/app/store.js,javascript,7,1,-1.0,2,2,2,0.0004961548002976,4031,0,LOW
redux,examples/counter/src/features/counter/counterAPI.js,javascript,5,3,-1.0,2,2,2,0.0004961548002976,4031,0,LOW
redux,examples/counter/src/features/counter/counterSlice.spec.js,javascript,29,5,-1.0,2,2,2,0.0004961548002976,4031,0,LOW
redux,examples/counter/src/features/counter/Counter.js,javascript,64,2,-1.0,2,2,2,0.0004961548002976,4031,0,LOW
redux,examples/counter/src/features/counter/counterSlice.js,javascript,47,10,-1.0,2,2,2,0.0004961548002976,4031,0,LOW
redux,examples/todos/src/index.js,javascript,13,1,-1.0,2,2,2,0.0004961548002976,4031,1,MEDIUM
redux,examples/todos/src/components/TodoList.js,javascript,21,2,-1.0,4,4,4,0.0009923096005953,4031,1,MEDIUM
redux,examples/todos/src/components/Link.js,javascript,19,1,-1.0,5,5,5,0.0012403870007442,4031,1,MEDIUM
redux,examples/todos/src/components/Todo.js,javascript,18,2,-1.0,2,2,2,0.0004961548002976,4031,1,MEDIUM
redux,examples/todos/src/components/App.js,javascript,12,1,-1.0,1,1,1,0.0002480774001488,4031,1,MEDIUM
redux,examples/todos/src/components/Footer.js,javascript,12,1,-1.0,4,4,4,0.0009923096005953,4031,2,MEDIUM
redux,examples/todos/src/actions/index.js,javascript,19,3,-1.0,4,4,4,0.0009923096005953,4031,2,MEDIUM
redux,examples/todos/src/actions/index.spec.js,javascript,22,4,-1.0,1,1,1,0.0002480774001488,4031,1,MEDIUM
redux,examples/todos/src/containers/VisibleTodoList.js,javascript,23,7,-1.0,6,6,6,0.001488464400893,4031,1,MEDIUM
redux,examples/todos/src/containers/AddTodo.js,javascript,24,3,-1.0,3,3,3,0.0007442322004465,4031,1,MEDIUM
redux,examples/todos/src/containers/FilterLink.js,javascript,10,3,-1.0,4,4,4,0.0009923096005953,4031,1,MEDIUM
redux,examples/todos/src/reducers/visibilityFilter.js,javascript,10,2,-1.0,2,2,2,0.0004961548002976,4031,1,MEDIUM
redux,examples/todos/src/reducers/todos.js,javascript,20,4,-1.0,4,4,4,0.0009923096005953,4031,1,MEDIUM
redux,examples/todos/src/reducers/index.js,javascript,7,1,-1.0,2,2,2,0.0004961548002976,4031,1,MEDIUM
redux,examples/todos/src/reducers/todos.spec.js,javascript,118,4,-1.0,2,2,2,0.0004961548002976,4031,1,MEDIUM
redux,tsup.config.ts,typescript,85,9,-1.0,5,5,3,0.0012403870007442,4031,2,MEDIUM
redux,test/createStore.spec.ts,typescript,729,143,-1.0,21,21,10,0.0052096254031257,4031,4,HIGH
redux,test/bindActionCreators.spec.ts,typescript,92,13,-1.0,10,10,5,0.0024807740014884,4031,3,HIGH
redux,test/combineReducers.spec.ts,typescript,313,56,-1.0,19,19,6,0.004713470602828,4031,5,HIGH
redux,test/applyMiddleware.spec.ts,typescript,128,20,-1.0,14,14,6,0.0034730836020838,4031,3,HIGH
redux,test/compose.spec.ts,typescript,53,27,-1.0,7,7,4,0.0017365418010419,4031,1,MEDIUM
redux,test/typescript/injectedDispatch.test-d.ts,typescript,73,11,-1.0,1,1,1,0.0002480774001488,4031,0,LOW
redux,test/typescript/actions.test-d.ts,typescript,33,4,-1.0,1,1,1,0.0002480774001488,4031,0,LOW
redux,test/typescript/compose.test-d.ts,typescript,50,10,-1.0,1,1,1,0.0002480774001488,4031,0,LOW
redux,test/typescript/actionCreators.test-d.ts,typescript,53,1,-1.0,1,1,1,0.0002480774001488,4031,0,LOW
redux,test/typescript/store.test-d.ts,typescript,159,22,-1.0,1,1,1,0.0002480774001488,4031,0,LOW
redux,test/typescript/reducers.test-d.ts,typescript,194,23,-1.0,2,2,2,0.0004961548002976,4031,1,MEDIUM
redux,test/typescript/dispatch.test-d.ts,typescript,30,3,-1.0,1,1,1,0.0002480774001488,4031,0,LOW
redux,test/typescript/enhancers.test-d.ts,typescript,326,48,-1.0,1,1,1,0.0002480774001488,4031,0,LOW
redux,test/typescript/middleware.test-d.ts,typescript,165,29,-1.0,1,1,1,0.0002480774001488,4031,0,LOW
redux,test/utils/formatProdErrorMessage.spec.ts,typescript,9,2,-1.0,3,3,2,0.0007442322004465,4031,0,LOW
redux,test/utils/isAction.spec.ts,typescript,22,4,-1.0,2,2,1,0.0004961548002976,4031,0,LOW
redux,test/utils/warning.spec.ts,typescript,36,7,-1.0,3,3,2,0.0007442322004465,4031,0,LOW
redux,test/utils/isPlainObject.spec.ts,typescript,15,2,-1.0,6,6,4,0.001488464400893,4031,2,MEDIUM
redux,test/helpers/middleware.ts,typescript,8,3,-1.0,9,9,5,0.0022326966013396,4031,3,HIGH
redux,test/helpers/actionTypes.ts,typescript,7,1,-1.0,1,1,1,0.0002480774001488,4031,0,LOW
redux,test/helpers/reducers.ts,typescript,105,11,-1.0,6,6,5,0.001488464400893,4031,1,MEDIUM
redux,test/helpers/actionCreators.ts,typescript,64,15,-1.0,5,5,4,0.0012403870007442,4031,1,MEDIUM
redux,website/docusaurus.config.ts,typescript,206,1,-1.0,4,4,1,0.0009923096005953,4031,0,LOW
redux,examples/counter-ts/src/index.tsx,typescript,17,1,-1.0,2,2,2,0.0004961548002976,4031,0,LOW
redux,examples/counter-ts/src/App.tsx,typescript,58,1,-1.0,2,2,1,0.0004961548002976,4031,0,LOW
redux,examples/counter-ts/src/App.test.tsx,typescript,13,1,-1.0,2,2,2,0.0004961548002976,4031,0,LOW
redux,examples/counter-ts/src/setupTests.ts,typescript,1,1,-1.0,2,2,2,0.0004961548002976,4031,1,MEDIUM
redux,examples/counter-ts/src/reportWebVitals.ts,typescript,13,4,-1.0,2,2,2,0.0004961548002976,4031,0,LOW
redux,examples/counter-ts/src/react-app-env.d.ts,typescript,0,1,-1.0,1,1,1,0.0002480774001488,4031,0,LOW
redux,examples/counter-ts/src/app/hooks.ts,typescript,4,1,-1.0,3,3,3,0.0007442322004465,4031,0,LOW
redux,examples/counter-ts/src/app/store.ts,typescript,15,1,-1.0,2,2,2,0.0004961548002976,4031,0,LOW
redux,examples/counter-ts/src/features/counter/counterSlice.spec.ts,typescript,30,5,-1.0,2,2,2,0.0004961548002976,4031,0,LOW
redux,examples/counter-ts/src/features/counter/Counter.tsx,typescript,64,4,-1.0,2,2,2,0.0004961548002976,4031,0,LOW
redux,examples/counter-ts/src/features/counter/counterSlice.ts,typescript,57,11,-1.0,2,2,2,0.0004961548002976,4031,0,LOW
redux,examples/counter-ts/src/features/counter/counterAPI.ts,typescript,5,3,-1.0,2,2,2,0.0004961548002976,4031,0,LOW
redux,src/applyMiddleware.ts,typescript,55,6,-1.0,14,14,6,0.0034730836020838,4031,4,HIGH
redux,src/createStore.ts,typescript,256,24,-1.0,29,29,16,0.0071942446043165,4031,7,HIGH
redux,src/combineReducers.ts,typescript,162,15,-1.0,16,16,8,0.0039692384023815,4031,4,HIGH
redux,src/bindActionCreators.ts,typescript,55,1,-1.0,13,13,7,0.003225006201935,4031,2,MEDIUM
redux,src/compose.ts,typescript,36,15,-1.0,7,7,5,0.0017365418010419,4031,3,HIGH
redux,src/index.ts,typescript,41,1,-1.0,15,15,6,0.0037211610022326,4031,4,HIGH
redux,src/types/middleware.ts,typescript,14,2,-1.0,8,8,7,0.0019846192011907,4031,3,HIGH
redux,src/types/actions.ts,typescript,15,1,-1.0,8,8,4,0.0019846192011907,4031,1,MEDIUM
redux,src/types/reducers.ts,typescript,48,2,-1.0,10,10,9,0.0024807740014884,4031,3,HIGH
redux,src/types/store.ts,typescript,64,3,-1.0,25,25,11,0.0062019350037211,4031,13,HIGH
redux,src/utils/actionTypes.ts,typescript,8,2,-1.0,3,3,3,0.0007442322004465,4031,0,LOW
redux,src/utils/isPlainObject.ts,typescript,10,5,-1.0,5,5,4,0.0012403870007442,4031,2,MEDIUM
redux,src/utils/isAction.ts,typescript,9,3,-1.0,2,2,1,0.0004961548002976,4031,0,LOW
redux,src/utils/kindOf.ts,typescript,58,25,-1.0,3,3,3,0.0007442322004465,4031,2,MEDIUM
redux,src/utils/warning.ts,typescript,8,4,-1.0,2,2,2,0.0004961548002976,4031,1,MEDIUM
redux,src/utils/formatProdErrorMessage.ts,typescript,6,1,-1.0,4,4,2,0.0009923096005953,4031,2,MEDIUM
redux,src/utils/symbol-observable.ts,typescript,8,3,-1.0,3,3,3,0.0007442322004465,4031,1,MEDIUM
