embedding_id,repository_name,file_path,language
0,lodash,.markdown-doctest-setup.js,javascript
1,lodash,playwright.config.js,javascript
2,lodash,test/remove.js,javascript
3,lodash,test/test-fp.js,javascript
4,lodash,test/playwright-runner.spec.js,javascript
5,lodash,test/asset/worker.js,javascript
6,lodash,test/asset/test-ui.js,javascript
7,lodash,fp/placeholder.js,javascript
8,lodash,fp/_mapping.js,javascript
9,lodash,fp/_convertBrowser.js,javascript
10,lodash,fp/_baseConvert.js,javascript
11,lodash,lib/fp/build-doc.js,javascript
12,lodash,lib/fp/build-modules.js,javascript
13,lodash,lib/fp/build-dist.js,javascript
14,lodash,lib/common/util.js,javascript
15,lodash,lib/common/minify.js,javascript
16,lodash,lib/common/mapping.js,javascript
17,lodash,lib/common/file.js,javascript
18,lodash,lib/common/uglify.options.js,javascript
19,lodash,lib/main/build-site.js,javascript
20,lodash,lib/main/build-doc.js,javascript
21,lodash,lib/main/build-modules.js,javascript
22,lodash,lib/main/build-dist.js,javascript
23,lodash,perf/perf.js,javascript
24,lodash,perf/asset/perf-ui.js,javascript
25,lodash,vendor/underscore/underscore.js,javascript
26,lodash,vendor/underscore/test/utility.js,javascript
27,lodash,vendor/underscore/test/cross-document.js,javascript
28,lodash,vendor/underscore/test/arrays.js,javascript
29,lodash,vendor/underscore/test/functions.js,javascript
30,lodash,vendor/underscore/test/objects.js,javascript
31,lodash,vendor/underscore/test/collections.js,javascript
32,lodash,vendor/underscore/test/chaining.js,javascript
33,lodash,vendor/backbone/backbone.js,javascript
34,lodash,vendor/backbone/test/events.js,javascript
35,lodash,vendor/backbone/test/sync.js,javascript
36,lodash,vendor/backbone/test/router.js,javascript
37,lodash,vendor/backbone/test/noconflict.js,javascript
38,lodash,vendor/backbone/test/view.js,javascript
39,lodash,vendor/backbone/test/model.js,javascript
40,lodash,vendor/backbone/test/collection.js,javascript
41,lodash,vendor/backbone/test/setup/dom-setup.js,javascript
42,lodash,vendor/backbone/test/setup/environment.js,javascript
43,lodash,vendor/json-js/json2.js,javascript
44,databases,setup.py,python
45,databases,databases/interfaces.py,python
46,databases,databases/importer.py,python
47,databases,databases/__init__.py,python
48,databases,databases/core.py,python
49,databases,databases/backends/asyncmy.py,python
50,databases,databases/backends/__init__.py,python
51,databases,databases/backends/sqlite.py,python
52,databases,databases/backends/postgres.py,python
53,databases,databases/backends/aiopg.py,python
54,databases,databases/backends/mysql.py,python
55,databases,databases/backends/common/records.py,python
56,databases,databases/backends/common/__init__.py,python
57,databases,databases/backends/dialects/__init__.py,python
58,databases,databases/backends/dialects/psycopg.py,python
59,databases,databases/backends/compilers/__init__.py,python
60,databases,databases/backends/compilers/psycopg.py,python
61,databases,tests/test_importer.py,python
62,databases,tests/test_connection_options.py,python
63,databases,tests/test_databases.py,python
64,databases,tests/test_database_url.py,python
65,databases,tests/test_integration.py,python
66,databases,tests/importer/__init__.py,python
67,databases,tests/importer/raise_import_error.py,python
68,express,index.js,javascript
69,express,test/res.sendStatus.js,javascript
70,express,test/Route.js,javascript
71,express,test/res.render.js,javascript
72,express,test/express.json.js,javascript
73,express,test/res.clearCookie.js,javascript
74,express,test/req.acceptsCharsets.js,javascript
75,express,test/req.is.js,javascript
76,express,test/req.path.js,javascript
77,express,test/req.hostname.js,javascript
78,express,test/res.sendFile.js,javascript
79,express,test/express.urlencoded.js,javascript
80,express,test/app.render.js,javascript
81,express,test/req.baseUrl.js,javascript
82,express,test/express.raw.js,javascript
83,express,test/app.routes.error.js,javascript
84,express,test/express.text.js,javascript
85,express,test/middleware.basic.js,javascript
86,express,test/exports.js,javascript
87,express,test/res.format.js,javascript
88,express,test/req.acceptsLanguages.js,javascript
89,express,test/res.redirect.js,javascript
90,express,test/res.json.js,javascript
91,express,test/res.links.js,javascript
92,express,test/config.js,javascript
93,express,test/res.attachment.js,javascript
94,express,test/res.download.js,javascript
95,express,test/regression.js,javascript
96,express,test/app.head.js,javascript
97,express,test/app.request.js,javascript
98,express,test/req.subdomains.js,javascript
99,express,test/app.all.js,javascript
100,express,test/app.engine.js,javascript
101,express,test/res.jsonp.js,javascript
102,express,test/Router.js,javascript
103,express,test/app.response.js,javascript
104,express,test/req.query.js,javascript
105,express,test/req.signedCookies.js,javascript
106,express,test/res.location.js,javascript
107,express,test/express.static.js,javascript
108,express,test/req.host.js,javascript
109,express,test/req.acceptsEncodings.js,javascript
110,express,test/req.xhr.js,javascript
111,express,test/req.protocol.js,javascript
112,express,test/req.stale.js,javascript
113,express,test/res.cookie.js,javascript
114,express,test/res.set.js,javascript
115,express,test/res.vary.js,javascript
116,express,test/app.listen.js,javascript
117,express,test/req.get.js,javascript
118,express,test/utils.js,javascript
119,express,test/res.send.js,javascript
120,express,test/res.status.js,javascript
121,express,test/res.locals.js,javascript
122,express,test/app.router.js,javascript
123,express,test/app.use.js,javascript
124,express,test/app.param.js,javascript
125,express,test/app.route.js,javascript
126,express,test/req.secure.js,javascript
127,express,test/res.append.js,javascript
128,express,test/req.fresh.js,javascript
129,express,test/app.js,javascript
130,express,test/app.options.js,javascript
131,express,test/req.ip.js,javascript
132,express,test/req.accepts.js,javascript
133,express,test/app.locals.js,javascript
134,express,test/res.get.js,javascript
135,express,test/req.route.js,javascript
136,express,test/req.ips.js,javascript
137,express,test/req.range.js,javascript
138,express,test/res.type.js,javascript
139,express,test/acceptance/route-map.js,javascript
140,express,test/acceptance/downloads.js,javascript
141,express,test/acceptance/cookie-sessions.js,javascript
142,express,test/acceptance/resource.js,javascript
143,express,test/acceptance/params.js,javascript
144,express,test/acceptance/web-service.js,javascript
145,express,test/acceptance/multi-router.js,javascript
146,express,test/acceptance/auth.js,javascript
147,express,test/acceptance/cookies.js,javascript
148,express,test/acceptance/route-separation.js,javascript
149,express,test/acceptance/ejs.js,javascript
150,express,test/acceptance/vhost.js,javascript
151,express,test/acceptance/error.js,javascript
152,express,test/acceptance/mvc.js,javascript
153,express,test/acceptance/content-negotiation.js,javascript
154,express,test/acceptance/hello-world.js,javascript
155,express,test/acceptance/markdown.js,javascript
156,express,test/acceptance/error-pages.js,javascript
157,express,test/support/env.js,javascript
158,express,test/support/tmpl.js,javascript
159,express,test/support/utils.js,javascript
160,express,examples/mvc/db.js,javascript
161,express,examples/mvc/index.js,javascript
162,express,examples/mvc/lib/boot.js,javascript
163,express,examples/mvc/controllers/user-pet/index.js,javascript
164,express,examples/mvc/controllers/user/index.js,javascript
165,express,examples/mvc/controllers/pet/index.js,javascript
166,express,examples/mvc/controllers/main/index.js,javascript
167,express,examples/auth/index.js,javascript
168,express,examples/markdown/index.js,javascript
169,express,examples/multi-router/index.js,javascript
170,express,examples/multi-router/controllers/api_v2.js,javascript
171,express,examples/multi-router/controllers/api_v1.js,javascript
172,express,examples/view-locals/user.js,javascript
173,express,examples/view-locals/index.js,javascript
174,express,examples/view-constructor/index.js,javascript
175,express,examples/view-constructor/github-view.js,javascript
176,express,examples/route-separation/user.js,javascript
177,express,examples/route-separation/post.js,javascript
178,express,examples/route-separation/index.js,javascript
179,express,examples/route-separation/site.js,javascript
180,express,examples/cookie-sessions/index.js,javascript
181,express,examples/ejs/index.js,javascript
182,express,examples/hello-world/index.js,javascript
183,express,examples/search/index.js,javascript
184,express,examples/search/public/client.js,javascript
185,express,examples/web-service/index.js,javascript
186,express,examples/error-pages/index.js,javascript
187,express,examples/vhost/index.js,javascript
188,express,examples/params/index.js,javascript
189,express,examples/route-map/index.js,javascript
190,express,examples/static-files/index.js,javascript
191,express,examples/static-files/public/js/app.js,javascript
192,express,examples/online/index.js,javascript
193,express,examples/resource/index.js,javascript
194,express,examples/downloads/index.js,javascript
195,express,examples/error/index.js,javascript
196,express,examples/route-middleware/index.js,javascript
197,express,examples/cookies/index.js,javascript
198,express,examples/content-negotiation/db.js,javascript
199,express,examples/content-negotiation/users.js,javascript
200,express,examples/content-negotiation/index.js,javascript
201,express,examples/session/index.js,javascript
202,express,examples/session/redis.js,javascript
203,express,lib/response.js,javascript
204,express,lib/request.js,javascript
205,express,lib/express.js,javascript
206,express,lib/utils.js,javascript
207,express,lib/view.js,javascript
208,express,lib/application.js,javascript
209,jinja,tests/test_utils.py,python
210,jinja,tests/test_security.py,python
211,jinja,tests/conftest.py,python
212,jinja,tests/test_async_filters.py,python
213,jinja,tests/test_loader.py,python
214,jinja,tests/test_debug.py,python
215,jinja,tests/test_pickle.py,python
216,jinja,tests/test_async.py,python
217,jinja,tests/test_imports.py,python
218,jinja,tests/test_nodes.py,python
219,jinja,tests/test_tests.py,python
220,jinja,tests/test_runtime.py,python
221,jinja,tests/test_compile.py,python
222,jinja,tests/test_nativetypes.py,python
223,jinja,tests/test_bytecode_cache.py,python
224,jinja,tests/test_core_tags.py,python
225,jinja,tests/test_ext.py,python
226,jinja,tests/test_idtracking.py,python
227,jinja,tests/test_inheritance.py,python
228,jinja,tests/test_api.py,python
229,jinja,tests/test_lexnparse.py,python
230,jinja,tests/test_filters.py,python
231,jinja,tests/test_regression.py,python
232,jinja,tests/res/__init__.py,python
233,jinja,docs/conf.py,python
234,jinja,docs/examples/cache_extension.py,python
235,jinja,docs/examples/inline_gettext_extension.py,python
236,jinja,examples/basic/cycle.py,python
237,jinja,examples/basic/translate.py,python
238,jinja,examples/basic/test_filter_and_linestatements.py,python
239,jinja,examples/basic/test.py,python
240,jinja,examples/basic/debugger.py,python
241,jinja,examples/basic/test_loop_filter.py,python
242,jinja,examples/basic/inheritance.py,python
243,jinja,scripts/generate_identifier_pattern.py,python
244,jinja,src/jinja2/compiler.py,python
245,jinja,src/jinja2/async_utils.py,python
246,jinja,src/jinja2/constants.py,python
247,jinja,src/jinja2/loaders.py,python
248,jinja,src/jinja2/__init__.py,python
249,jinja,src/jinja2/idtracking.py,python
250,jinja,src/jinja2/runtime.py,python
251,jinja,src/jinja2/parser.py,python
252,jinja,src/jinja2/sandbox.py,python
253,jinja,src/jinja2/visitor.py,python
254,jinja,src/jinja2/utils.py,python
255,jinja,src/jinja2/debug.py,python
256,jinja,src/jinja2/lexer.py,python
257,jinja,src/jinja2/environment.py,python
258,jinja,src/jinja2/_identifier.py,python
259,jinja,src/jinja2/optimizer.py,python
260,jinja,src/jinja2/exceptions.py,python
261,jinja,src/jinja2/defaults.py,python
262,jinja,src/jinja2/nativetypes.py,python
263,jinja,src/jinja2/nodes.py,python
264,jinja,src/jinja2/tests.py,python
265,jinja,src/jinja2/bccache.py,python
266,jinja,src/jinja2/filters.py,python
267,jinja,src/jinja2/ext.py,python
268,jinja,src/jinja2/meta.py,python
269,click,tests/test_parser.py,python
270,click,tests/test_shell_completion.py,python
271,click,tests/test_basic.py,python
272,click,tests/test_utils.py,python
273,click,tests/test_termui.py,python
274,click,tests/conftest.py,python
275,click,tests/test_options.py,python
276,click,tests/test_info_dict.py,python
277,click,tests/test_imports.py,python
278,click,tests/test_command_decorators.py,python
279,click,tests/test_stream_lifecycle.py,python
280,click,tests/test_commands.py,python
281,click,tests/test_compat.py,python
282,click,tests/test_formatting.py,python
283,click,tests/test_context.py,python
284,click,tests/test_chain.py,python
285,click,tests/test_normalization.py,python
286,click,tests/test_defaults.py,python
287,click,tests/test_custom_classes.py,python
288,click,tests/test_types.py,python
289,click,tests/test_arguments.py,python
290,click,tests/test_testing.py,python
291,click,tests/typing/typing_confirmation_option.py,python
292,click,tests/typing/typing_help_option.py,python
293,click,tests/typing/typing_options.py,python
294,click,tests/typing/typing_group_kw_options.py,python
295,click,tests/typing/typing_aliased_group.py,python
296,click,tests/typing/typing_simple_example.py,python
297,click,tests/typing/typing_progressbar.py,python
298,click,tests/typing/typing_version_option.py,python
299,click,tests/typing/typing_password_option.py,python
300,click,docs/conf.py,python
301,click,examples/inout/inout.py,python
302,click,examples/complex/complex/__init__.py,python
303,click,examples/complex/complex/cli.py,python
304,click,examples/complex/complex/commands/cmd_status.py,python
305,click,examples/complex/complex/commands/__init__.py,python
306,click,examples/complex/complex/commands/cmd_init.py,python
307,click,examples/completion/completion.py,python
308,click,examples/imagepipe/imagepipe.py,python
309,click,examples/colors/colors.py,python
310,click,examples/termui/termui.py,python
311,click,examples/naval/naval.py,python
312,click,examples/aliases/aliases.py,python
313,click,examples/repo/repo.py,python
314,click,examples/validation/validation.py,python
315,click,src/click/_winconsole.py,python
316,click,src/click/_textwrap.py,python
317,click,src/click/globals.py,python
318,click,src/click/__init__.py,python
319,click,src/click/core.py,python
320,click,src/click/types.py,python
321,click,src/click/formatting.py,python
322,click,src/click/parser.py,python
323,click,src/click/termui.py,python
324,click,src/click/utils.py,python
325,click,src/click/exceptions.py,python
326,click,src/click/shell_completion.py,python
327,click,src/click/_compat.py,python
328,click,src/click/_termui_impl.py,python
329,click,src/click/testing.py,python
330,click,src/click/_utils.py,python
331,click,src/click/decorators.py,python
332,redux,tsup.config.ts,typescript
333,redux,test/createStore.spec.ts,typescript
334,redux,test/bindActionCreators.spec.ts,typescript
335,redux,test/combineReducers.spec.ts,typescript
336,redux,test/applyMiddleware.spec.ts,typescript
337,redux,test/compose.spec.ts,typescript
338,redux,test/typescript/injectedDispatch.test-d.ts,typescript
339,redux,test/typescript/actions.test-d.ts,typescript
340,redux,test/typescript/compose.test-d.ts,typescript
341,redux,test/typescript/actionCreators.test-d.ts,typescript
342,redux,test/typescript/store.test-d.ts,typescript
343,redux,test/typescript/reducers.test-d.ts,typescript
344,redux,test/typescript/dispatch.test-d.ts,typescript
345,redux,test/typescript/enhancers.test-d.ts,typescript
346,redux,test/typescript/middleware.test-d.ts,typescript
347,redux,test/utils/formatProdErrorMessage.spec.ts,typescript
348,redux,test/utils/isAction.spec.ts,typescript
349,redux,test/utils/warning.spec.ts,typescript
350,redux,test/utils/isPlainObject.spec.ts,typescript
351,redux,test/helpers/middleware.ts,typescript
352,redux,test/helpers/actionTypes.ts,typescript
353,redux,test/helpers/reducers.ts,typescript
354,redux,test/helpers/actionCreators.ts,typescript
355,redux,website/docusaurus.config.ts,typescript
356,redux,website/sidebars.js,javascript
357,redux,website/src/js/monokaiTheme.js,javascript
358,redux,website/src/pages/errors.js,javascript
359,redux,examples/testAll.js,javascript
360,redux,examples/universal/index.js,javascript
361,redux,examples/universal/webpack.config.js,javascript
362,redux,examples/universal/server/server.js,javascript
363,redux,examples/universal/server/index.js,javascript
364,redux,examples/universal/common/components/Counter.js,javascript
365,redux,examples/universal/common/actions/index.js,javascript
366,redux,examples/universal/common/api/counter.js,javascript
367,redux,examples/universal/common/containers/App.js,javascript
368,redux,examples/universal/common/reducers/index.js,javascript
369,redux,examples/universal/common/reducers/counter.js,javascript
370,redux,examples/universal/common/store/configureStore.js,javascript
371,redux,examples/universal/client/index.js,javascript
372,redux,examples/async/src/index.js,javascript
373,redux,examples/async/src/components/Posts.js,javascript
374,redux,examples/async/src/components/Picker.js,javascript
375,redux,examples/async/src/actions/index.js,javascript
376,redux,examples/async/src/containers/App.js,javascript
377,redux,examples/async/src/reducers/index.js,javascript
378,redux,examples/counter-ts/src/index.tsx,typescript
379,redux,examples/counter-ts/src/App.tsx,typescript
380,redux,examples/counter-ts/src/App.test.tsx,typescript
381,redux,examples/counter-ts/src/setupTests.ts,typescript
382,redux,examples/counter-ts/src/reportWebVitals.ts,typescript
383,redux,examples/counter-ts/src/react-app-env.d.ts,typescript
384,redux,examples/counter-ts/src/app/hooks.ts,typescript
385,redux,examples/counter-ts/src/app/store.ts,typescript
386,redux,examples/counter-ts/src/features/counter/counterSlice.spec.ts,typescript
387,redux,examples/counter-ts/src/features/counter/Counter.tsx,typescript
388,redux,examples/counter-ts/src/features/counter/counterSlice.ts,typescript
389,redux,examples/counter-ts/src/features/counter/counterAPI.ts,typescript
390,redux,examples/real-world/src/index.js,javascript
391,redux,examples/real-world/src/middleware/api.js,javascript
392,redux,examples/real-world/src/components/User.js,javascript
393,redux,examples/real-world/src/components/List.js,javascript
394,redux,examples/real-world/src/components/Explore.js,javascript
395,redux,examples/real-world/src/components/Repo.js,javascript
396,redux,examples/real-world/src/actions/index.js,javascript
397,redux,examples/real-world/src/containers/Root.dev.js,javascript
398,redux,examples/real-world/src/containers/Root.prod.js,javascript
399,redux,examples/real-world/src/containers/RepoPage.js,javascript
400,redux,examples/real-world/src/containers/UserPage.js,javascript
401,redux,examples/real-world/src/containers/Root.js,javascript
402,redux,examples/real-world/src/containers/DevTools.js,javascript
403,redux,examples/real-world/src/containers/App.js,javascript
404,redux,examples/real-world/src/reducers/paginate.js,javascript
405,redux,examples/real-world/src/reducers/index.js,javascript
406,redux,examples/real-world/src/store/configureStore.prod.js,javascript
407,redux,examples/real-world/src/store/configureStore.dev.js,javascript
408,redux,examples/real-world/src/store/configureStore.js,javascript
409,redux,examples/shopping-cart/src/index.js,javascript
410,redux,examples/shopping-cart/src/setupTests.js,javascript
411,redux,examples/shopping-cart/src/constants/ActionTypes.js,javascript
412,redux,examples/shopping-cart/src/components/ProductItem.spec.js,javascript
413,redux,examples/shopping-cart/src/components/ProductsList.spec.js,javascript
414,redux,examples/shopping-cart/src/components/Cart.js,javascript
415,redux,examples/shopping-cart/src/components/Product.spec.js,javascript
416,redux,examples/shopping-cart/src/components/ProductItem.js,javascript
417,redux,examples/shopping-cart/src/components/ProductsList.js,javascript
418,redux,examples/shopping-cart/src/components/Cart.spec.js,javascript
419,redux,examples/shopping-cart/src/components/Product.js,javascript
420,redux,examples/shopping-cart/src/actions/index.js,javascript
421,redux,examples/shopping-cart/src/api/shop.js,javascript
422,redux,examples/shopping-cart/src/containers/CartContainer.js,javascript
423,redux,examples/shopping-cart/src/containers/ProductsContainer.js,javascript
424,redux,examples/shopping-cart/src/containers/App.js,javascript
425,redux,examples/shopping-cart/src/reducers/products.js,javascript
426,redux,examples/shopping-cart/src/reducers/cart.js,javascript
427,redux,examples/shopping-cart/src/reducers/index.js,javascript
428,redux,examples/shopping-cart/src/reducers/index.spec.js,javascript
429,redux,examples/shopping-cart/src/reducers/products.spec.js,javascript
430,redux,examples/shopping-cart/src/reducers/cart.spec.js,javascript
431,redux,examples/todomvc/src/index.js,javascript
432,redux,examples/todomvc/src/constants/ActionTypes.js,javascript
433,redux,examples/todomvc/src/constants/TodoFilters.js,javascript
434,redux,examples/todomvc/src/components/TodoTextInput.spec.js,javascript
435,redux,examples/todomvc/src/components/TodoList.js,javascript
436,redux,examples/todomvc/src/components/TodoTextInput.js,javascript
437,redux,examples/todomvc/src/components/Footer.spec.js,javascript
438,redux,examples/todomvc/src/components/TodoList.spec.js,javascript
439,redux,examples/todomvc/src/components/Link.js,javascript
440,redux,examples/todomvc/src/components/Header.js,javascript
441,redux,examples/todomvc/src/components/Link.spec.js,javascript
442,redux,examples/todomvc/src/components/MainSection.spec.js,javascript
443,redux,examples/todomvc/src/components/App.spec.js,javascript
444,redux,examples/todomvc/src/components/App.js,javascript
445,redux,examples/todomvc/src/components/MainSection.js,javascript
446,redux,examples/todomvc/src/components/TodoItem.spec.js,javascript
447,redux,examples/todomvc/src/components/Footer.js,javascript
448,redux,examples/todomvc/src/components/TodoItem.js,javascript
449,redux,examples/todomvc/src/components/Header.spec.js,javascript
450,redux,examples/todomvc/src/actions/index.js,javascript
451,redux,examples/todomvc/src/actions/index.spec.js,javascript
452,redux,examples/todomvc/src/containers/VisibleTodoList.js,javascript
453,redux,examples/todomvc/src/containers/Header.js,javascript
454,redux,examples/todomvc/src/containers/FilterLink.js,javascript
455,redux,examples/todomvc/src/containers/MainSection.js,javascript
456,redux,examples/todomvc/src/reducers/visibilityFilter.js,javascript
457,redux,examples/todomvc/src/reducers/todos.js,javascript
458,redux,examples/todomvc/src/reducers/index.js,javascript
459,redux,examples/todomvc/src/reducers/todos.spec.js,javascript
460,redux,examples/todomvc/src/selectors/index.js,javascript
461,redux,examples/todos-with-undo/src/index.js,javascript
462,redux,examples/todos-with-undo/src/components/TodoList.js,javascript
463,redux,examples/todos-with-undo/src/components/Link.js,javascript
464,redux,examples/todos-with-undo/src/components/Todo.js,javascript
465,redux,examples/todos-with-undo/src/components/App.js,javascript
466,redux,examples/todos-with-undo/src/components/Footer.js,javascript
467,redux,examples/todos-with-undo/src/actions/index.js,javascript
468,redux,examples/todos-with-undo/src/containers/VisibleTodoList.js,javascript
469,redux,examples/todos-with-undo/src/containers/AddTodo.js,javascript
470,redux,examples/todos-with-undo/src/containers/FilterLink.js,javascript
471,redux,examples/todos-with-undo/src/containers/UndoRedo.js,javascript
472,redux,examples/todos-with-undo/src/reducers/visibilityFilter.js,javascript
473,redux,examples/todos-with-undo/src/reducers/todos.js,javascript
474,redux,examples/todos-with-undo/src/reducers/index.js,javascript
475,redux,examples/tree-view/src/generateTree.js,javascript
476,redux,examples/tree-view/src/index.js,javascript
477,redux,examples/tree-view/src/setupTests.js,javascript
478,redux,examples/tree-view/src/actions/index.js,javascript
479,redux,examples/tree-view/src/containers/Node.spec.js,javascript
480,redux,examples/tree-view/src/containers/Node.js,javascript
481,redux,examples/tree-view/src/reducers/index.js,javascript
482,redux,examples/tree-view/src/reducers/index.spec.js,javascript
483,redux,examples/counter/src/reportWebVitals.js,javascript
484,redux,examples/counter/src/index.js,javascript
485,redux,examples/counter/src/App.test.js,javascript
486,redux,examples/counter/src/setupTests.js,javascript
487,redux,examples/counter/src/App.js,javascript
488,redux,examples/counter/src/app/store.js,javascript
489,redux,examples/counter/src/features/counter/counterAPI.js,javascript
490,redux,examples/counter/src/features/counter/counterSlice.spec.js,javascript
491,redux,examples/counter/src/features/counter/Counter.js,javascript
492,redux,examples/counter/src/features/counter/counterSlice.js,javascript
493,redux,examples/todos/src/index.js,javascript
494,redux,examples/todos/src/components/TodoList.js,javascript
495,redux,examples/todos/src/components/Link.js,javascript
496,redux,examples/todos/src/components/Todo.js,javascript
497,redux,examples/todos/src/components/App.js,javascript
498,redux,examples/todos/src/components/Footer.js,javascript
499,redux,examples/todos/src/actions/index.js,javascript
500,redux,examples/todos/src/actions/index.spec.js,javascript
501,redux,examples/todos/src/containers/VisibleTodoList.js,javascript
502,redux,examples/todos/src/containers/AddTodo.js,javascript
503,redux,examples/todos/src/containers/FilterLink.js,javascript
504,redux,examples/todos/src/reducers/visibilityFilter.js,javascript
505,redux,examples/todos/src/reducers/todos.js,javascript
506,redux,examples/todos/src/reducers/index.js,javascript
507,redux,examples/todos/src/reducers/todos.spec.js,javascript
508,redux,src/applyMiddleware.ts,typescript
509,redux,src/createStore.ts,typescript
510,redux,src/combineReducers.ts,typescript
511,redux,src/bindActionCreators.ts,typescript
512,redux,src/compose.ts,typescript
513,redux,src/index.ts,typescript
514,redux,src/types/middleware.ts,typescript
515,redux,src/types/actions.ts,typescript
516,redux,src/types/reducers.ts,typescript
517,redux,src/types/store.ts,typescript
518,redux,src/utils/actionTypes.ts,typescript
519,redux,src/utils/isPlainObject.ts,typescript
520,redux,src/utils/isAction.ts,typescript
521,redux,src/utils/kindOf.ts,typescript
522,redux,src/utils/warning.ts,typescript
523,redux,src/utils/formatProdErrorMessage.ts,typescript
524,redux,src/utils/symbol-observable.ts,typescript
525,axios,index.js,javascript
526,axios,webpack.config.js,javascript
527,axios,vitest.config.js,javascript
528,axios,rollup.config.js,javascript
529,axios,gulpfile.js,javascript
530,axios,eslint.config.js,javascript
531,axios,index.d.ts,typescript
532,axios,tests/smoke/deno/tests/error.smoke.test.ts,typescript
533,axios,tests/smoke/deno/tests/cancel.smoke.test.ts,typescript
534,axios,tests/smoke/deno/tests/headers.smoke.test.ts,typescript
535,axios,tests/smoke/deno/tests/fetch.smoke.test.ts,typescript
536,axios,tests/smoke/deno/tests/import.smoke.test.ts,typescript
537,axios,tests/smoke/esm/vitest.config.js,javascript
538,axios,tests/smoke/esm/tests/cancel.smoke.test.js,javascript
539,axios,tests/smoke/esm/tests/headers.smoke.test.js,javascript
540,axios,tests/smoke/esm/tests/fetch.smoke.test.js,javascript
541,axios,tests/smoke/esm/tests/progress.smoke.test.js,javascript
542,axios,tests/smoke/esm/tests/rateLimit.smoke.test.js,javascript
543,axios,tests/smoke/esm/tests/error.smoke.test.js,javascript
544,axios,tests/smoke/esm/tests/auth.smoke.test.js,javascript
545,axios,tests/smoke/esm/tests/import.smoke.test.js,javascript
546,axios,tests/smoke/esm/tests/files.smoke.test.js,javascript
547,axios,tests/smoke/esm/tests/instance.smoke.test.js,javascript
548,axios,tests/smoke/esm/tests/urlencode.smoke.test.js,javascript
549,axios,tests/smoke/esm/tests/basic.smoke.test.js,javascript
550,axios,tests/smoke/esm/tests/formData.smoke.test.js,javascript
551,axios,tests/smoke/esm/tests/http2.smoke.test.js,javascript
552,axios,tests/smoke/esm/tests/interceptors.smoke.test.js,javascript
553,axios,tests/smoke/esm/tests/timeout.smoke.test.js,javascript
554,axios,tests/smoke/bun/tests/http.smoke.test.ts,typescript
555,axios,tests/smoke/bun/tests/interceptors.smoke.test.ts,typescript
556,axios,tests/smoke/bun/tests/timeout.smoke.test.ts,typescript
557,axios,tests/smoke/bun/tests/formData.smoke.test.ts,typescript
558,axios,tests/smoke/bun/tests/error.smoke.test.ts,typescript
559,axios,tests/smoke/bun/tests/cancel.smoke.test.ts,typescript
560,axios,tests/smoke/bun/tests/headers.smoke.test.ts,typescript
561,axios,tests/smoke/bun/tests/fetch.smoke.test.ts,typescript
562,axios,tests/smoke/bun/tests/progress.smoke.test.ts,typescript
563,axios,tests/smoke/bun/tests/import.smoke.test.ts,typescript
564,axios,tests/unit/regression.test.js,javascript
565,axios,tests/unit/estimateDataURLDecodedBytes.test.js,javascript
566,axios,tests/unit/fromDataURI.test.js,javascript
567,axios,tests/unit/composeSignals.test.js,javascript
568,axios,tests/unit/api.test.js,javascript
569,axios,tests/unit/axios.test.js,javascript
570,axios,tests/unit/prototypePollution.test.js,javascript
571,axios,tests/unit/parseProtocol.test.js,javascript
572,axios,tests/unit/transformResponse.test.js,javascript
573,axios,tests/unit/axiosHeaders.test.js,javascript
574,axios,tests/unit/query.test.js,javascript
575,axios,tests/unit/utils.test.js,javascript
576,axios,tests/unit/toFormData.test.js,javascript
577,axios,tests/unit/syntaxCompat.test.js,javascript
578,axios,tests/unit/platform.test.js,javascript
579,axios,tests/unit/cancel/isCancel.test.js,javascript
580,axios,tests/unit/cancel/canceledError.test.js,javascript
581,axios,tests/unit/core/transformData.test.js,javascript
582,axios,tests/unit/core/dispatchRequest.test.js,javascript
583,axios,tests/unit/core/buildFullPath.test.js,javascript
584,axios,tests/unit/core/AxiosError.test.js,javascript
585,axios,tests/unit/core/mergeConfig.test.js,javascript
586,axios,tests/unit/core/settle.test.js,javascript
587,axios,tests/unit/utils/kindOfTest.test.js,javascript
588,axios,tests/unit/utils/endsWith.test.js,javascript
589,axios,tests/unit/utils/toFlatObject.test.js,javascript
590,axios,tests/unit/utils/trim.test.js,javascript
591,axios,tests/unit/utils/toArray.test.js,javascript
592,axios,tests/unit/utils/kindOf.test.js,javascript
593,axios,tests/unit/utils/merge.test.js,javascript
594,axios,tests/unit/utils/extend.test.js,javascript
595,axios,tests/unit/utils/forEach.test.js,javascript
596,axios,tests/unit/utils/isX.test.js,javascript
597,axios,tests/unit/adapters/errorDetails.test.js,javascript
598,axios,tests/unit/adapters/fetch.test.js,javascript
599,axios,tests/unit/adapters/adapters.test.js,javascript
600,axios,tests/unit/helpers/validator.test.js,javascript
601,axios,tests/unit/helpers/buildURL.test.js,javascript
602,axios,tests/unit/helpers/shouldBypassProxy.test.js,javascript
603,axios,tests/unit/helpers/Http2Sessions.test.js,javascript
604,axios,tests/unit/helpers/parseHeaders.test.js,javascript
605,axios,tests/unit/helpers/isAbsoluteURL.test.js,javascript
606,axios,tests/unit/helpers/spread.test.js,javascript
607,axios,tests/unit/helpers/progressEventReducer.test.js,javascript
608,axios,tests/unit/helpers/isAxiosError.test.js,javascript
609,axios,tests/unit/helpers/formDataToJSON.test.js,javascript
610,axios,tests/unit/helpers/combineURLs.test.js,javascript
611,axios,tests/unit/helpers/bind.test.js,javascript
612,axios,tests/unit/helpers/formDataToStream.test.js,javascript
613,axios,tests/unit/helpers/resolveConfig.test.js,javascript
614,axios,tests/module/esm/vitest.config.js,javascript
615,axios,tests/module/esm/tests/typings.module.test.js,javascript
616,axios,tests/module/esm/tests/ts.module.test.js,javascript
617,axios,tests/module/esm/tests/fixture-cleanup.module.test.js,javascript
618,axios,tests/module/esm/tests/helpers/fixture.js,javascript
619,axios,tests/module/esm/tests/helpers/run-command.js,javascript
620,axios,tests/module/esm/tests/helpers/esm-index.ts,typescript
621,axios,tests/module/esm/tests/helpers/esm-functions.ts,typescript
622,axios,tests/module/cjs/tests/helpers/cjs-is-cancel-typing.ts,typescript
623,axios,tests/module/cjs/tests/helpers/cjs-typing.ts,typescript
624,axios,tests/module/cjs/tests/helpers/ts-require-default.ts,typescript
625,axios,tests/module/cjs/tests/helpers/ts-require.ts,typescript
626,axios,tests/setup/server.js,javascript
627,axios,tests/setup/browser.setup.js,javascript
628,axios,tests/browser/defaults.browser.test.js,javascript
629,axios,tests/browser/promise.browser.test.js,javascript
630,axios,tests/browser/options.browser.test.js,javascript
631,axios,tests/browser/adapter.browser.test.js,javascript
632,axios,tests/browser/progress.browser.test.js,javascript
633,axios,tests/browser/cookies.browser.test.js,javascript
634,axios,tests/browser/headers.browser.test.js,javascript
635,axios,tests/browser/settle.browser.test.js,javascript
636,axios,tests/browser/basicAuth.browser.test.js,javascript
637,axios,tests/browser/requests.browser.test.js,javascript
638,axios,tests/browser/transform.browser.test.js,javascript
639,axios,tests/browser/toFormData.browser.test.js,javascript
640,axios,tests/browser/cancelToken.browser.test.js,javascript
641,axios,tests/browser/formdata.browser.test.js,javascript
642,axios,tests/browser/cancel.browser.test.js,javascript
643,axios,tests/browser/interceptors.browser.test.js,javascript
644,axios,tests/browser/xsrf.browser.test.js,javascript
645,axios,tests/browser/isURLSameOrigin.browser.test.js,javascript
646,axios,tests/browser/instance.browser.test.js,javascript
647,axios,docs/.vitepress/theme/index.ts,typescript
648,axios,docs/scripts/process-sponsors.js,javascript
649,axios,docs/scripts/utils.js,javascript
650,axios,sandbox/client.js,javascript
651,axios,sandbox/server.js,javascript
652,axios,examples/network_enhanced.js,javascript
653,axios,examples/server.js,javascript
654,axios,examples/post/server.js,javascript
655,axios,examples/abort-controller/server.js,javascript
656,axios,examples/get/server.js,javascript
657,axios,examples/postMultipartFormData/server.js,javascript
658,axios,examples/upload/server.js,javascript
659,axios,scripts/axios-build-instance.js,javascript
660,axios,lib/axios.js,javascript
661,axios,lib/utils.js,javascript
662,axios,lib/cancel/CancelToken.js,javascript
663,axios,lib/cancel/isCancel.js,javascript
664,axios,lib/cancel/CanceledError.js,javascript
665,axios,lib/core/settle.js,javascript
666,axios,lib/core/AxiosError.js,javascript
667,axios,lib/core/Axios.js,javascript
668,axios,lib/core/InterceptorManager.js,javascript
669,axios,lib/core/dispatchRequest.js,javascript
670,axios,lib/core/buildFullPath.js,javascript
671,axios,lib/core/transformData.js,javascript
672,axios,lib/core/AxiosHeaders.js,javascript
673,axios,lib/core/mergeConfig.js,javascript
674,axios,lib/platform/index.js,javascript
675,axios,lib/platform/browser/index.js,javascript
676,axios,lib/platform/browser/classes/URLSearchParams.js,javascript
677,axios,lib/platform/browser/classes/Blob.js,javascript
678,axios,lib/platform/browser/classes/FormData.js,javascript
679,axios,lib/platform/common/utils.js,javascript
680,axios,lib/platform/node/index.js,javascript
681,axios,lib/platform/node/classes/URLSearchParams.js,javascript
682,axios,lib/platform/node/classes/FormData.js,javascript
683,axios,lib/adapters/fetch.js,javascript
684,axios,lib/adapters/adapters.js,javascript
685,axios,lib/adapters/xhr.js,javascript
686,axios,lib/adapters/http.js,javascript
687,axios,lib/defaults/transitional.js,javascript
688,axios,lib/defaults/index.js,javascript
689,axios,lib/helpers/combineURLs.js,javascript
690,axios,lib/helpers/parseProtocol.js,javascript
691,axios,lib/helpers/fromDataURI.js,javascript
692,axios,lib/helpers/deprecatedMethod.js,javascript
693,axios,lib/helpers/buildURL.js,javascript
694,axios,lib/helpers/AxiosTransformStream.js,javascript
695,axios,lib/helpers/null.js,javascript
696,axios,lib/helpers/Http2Sessions.js,javascript
697,axios,lib/helpers/isURLSameOrigin.js,javascript
698,axios,lib/helpers/isAbsoluteURL.js,javascript
699,axios,lib/helpers/AxiosURLSearchParams.js,javascript
700,axios,lib/helpers/callbackify.js,javascript
701,axios,lib/helpers/isAxiosError.js,javascript
702,axios,lib/helpers/toFormData.js,javascript
703,axios,lib/helpers/cookies.js,javascript
704,axios,lib/helpers/estimateDataURLDecodedBytes.js,javascript
705,axios,lib/helpers/trackStream.js,javascript
706,axios,lib/helpers/validator.js,javascript
707,axios,lib/helpers/composeSignals.js,javascript
708,axios,lib/helpers/ZlibHeaderTransformStream.js,javascript
709,axios,lib/helpers/HttpStatusCode.js,javascript
710,axios,lib/helpers/formDataToStream.js,javascript
711,axios,lib/helpers/throttle.js,javascript
712,axios,lib/helpers/formDataToJSON.js,javascript
713,axios,lib/helpers/speedometer.js,javascript
714,axios,lib/helpers/sanitizeHeaderValue.js,javascript
715,axios,lib/helpers/bind.js,javascript
716,axios,lib/helpers/progressEventReducer.js,javascript
717,axios,lib/helpers/readBlob.js,javascript
718,axios,lib/helpers/spread.js,javascript
719,axios,lib/helpers/toURLEncodedForm.js,javascript
720,axios,lib/helpers/resolveConfig.js,javascript
721,axios,lib/helpers/shouldBypassProxy.js,javascript
722,axios,lib/helpers/parseHeaders.js,javascript
